No.	question	answer	option2	option3	option4	explanation	datail / background
文型	「A tall boy came here yesterday.」の文型として正しいものはどれですか？	第1文型 [SV]	第2文型 [SVC]	第3文型 [SVO]	第4文型 [SVOO]	修飾語（M）を除くと主語（S）と動詞（V）だけが残るからです。	「here」（場所）や「yesterday」（時）は動詞を詳しく説明する修飾語（M）であり、文を組み立てる主要要素（S,V,O,C）には含まれません。
文型	「I gave a book ( ) him.」の空所に入る適切な前置詞はどれですか？	to	for	of	with	giveを用いた文を書き換える際、相手に直接届く動作を表すのはtoだからです。	相手に直接手渡したり伝えたりする動作（give, tell, showなど）を第3文型にする際は、前置詞にtoを使います。
文型	「He bought a car ( ) me.」の空所に入る適切な前置詞はどれですか？	for	to	of	at	buyは「相手のために準備する」という利益を表す動詞なのでforを用います。	相手のために何かを準備・製造する動作（buy, make, cookなど）を第3文型にする際は、前置詞にforを使います。
文型	「A girl asked the way ( ) me.」の空所に入る適切な前置詞はどれですか？	of	to	for	by	askを第3文型に書き換える際は、間接目的語の前にofを置くルールがあるからです。	askは「尋ねる・頼む」という意味で、書き換え時にtoやforではなくofを使う代表的な動詞です。
文型	「He is a teacher.」の文型として正しいものはどれですか？	第2文型 [SVC]	第1文型 [SV]	第3文型 [SVO]	第5文型 [SVOC]	主語（He）と補語（teacher）が「イコールの関係」で結ばれるからです。	第2文型（SVC）は「S=C」の関係が成立するのが最大の特徴です。「彼＝先生」という説明になっているので補語（C）と判断します。
文型	「The song sounds good.」の文型として正しいものはどれですか？	第2文型 [SVC]	第1文型 [SV]	第3文型 [SVO]	第5文型 [SVOC]	soundsが主語の状態を説明する補語（good）をとり、S=Cが成立するからです。	soundやlook、feelなどの感覚を表す動詞は、主語がどのような状態であるかを述べる第2文型をよく作ります。
文型	「I will make her happy.」の文構造から判断できる正しい意味はどれですか？	私は彼女を幸せにするだろう	私は彼女に幸せを作ってあげるだろう	私は彼女が幸せだと気づくだろう	私は彼女に幸せを教えるだろう	「make O C」で「OをCの状態にする」という第5文型（O=C）になるからです。	第5文型（SVOC）では、目的語（her）と補語（happy）の間に「彼女＝幸せ」という主従関係が成り立ちます。
文型	「She made me dinner.」の文型として正しいものはどれですか？	第4文型 [SVOO]	第2文型 [SVC]	第3文型 [SVO]	第5文型 [SVOC]	me（私）とdinner（夕食）がイコールではないため、2つの目的語を持つ形だからです。	第4文型（SVOO）は「誰に」「何を」を与える構造です。この文は「私＝夕食」ではないため、目的語が2つ並んでいると判断します。
文型	「I will keep him a seat.」が第4文型[SVOO]である理由として正しいものはどれですか？	himとa seatがイコール関係ではないから	himが主語とイコール関係だから	席を保つという意味だから	文末に修飾語がないから	動詞の後ろにある2つの名詞に「イコール関係」が成り立たず、授与を表しているからです。	keepが第4文型をとると「（人）に（物）を取っておく」という意味になります。彼≠席なので、第5文型とは区別します。
文型	「We keep the door open.」の文型として正しいものはどれですか？	第5文型 [SVOC]	第2文型 [SVC]	第3文型 [SVO]	第4文型 [SVOO]	door = openという「目的語＝補語」の状態を保つ主述関係があるからです。	keep O Cで「OをCの状態のままにしておく」という意味になります。ドアが開いているという状態を維持していることを表します。
文型	「I saw a boy ( ) the street.」で「渡るのを見た」とするのに適切な語はどれですか？	cross	to cross	crossed	crosses	知覚動詞seeの補語に不定詞を置く場合、原形不定詞を用いるルールがあるからです。	seeやhearなどの知覚動詞を使った第5文型では、補語（C）の部分にtoのない「原形不定詞」を置くのが特徴です。
文型	「I heard the singer ( ).」で「歌っている最中」であることを強調する語はどれですか？	singing	to sing	sung	sings	現在分詞（ing形）を使うことで、動作の進行中（〜しているところ）を表現できるからです。	知覚動詞の補語にingを使うと、動作の一部がちょうど進行している場面を強調したニュアンスになります。
文型	「She had her hair ( ).」で「髪を切ってもらった」とするのに適切な語はどれですか？	cut	cutting	to cut	cuts	髪は自ら切るのではなく「切られる」側なので、受動の関係を表す過去分詞を用いるからです。	have O 過去分詞で「Oを〜してもらう（使役）」という意味になります。cutの過去分詞形は原形と同じcutである点も重要です。
文型	「He calls me Take.」の文型として正しいものはどれですか？	第5文型 [SVOC]	第2文型 [SVC]	第3文型 [SVO]	第4文型 [SVOO]	me = Takeという目的語を説明するイコール関係の主述構造があるからです。	call O Cで「OをCと呼ぶ」となります。「私＝タケ」という関係が成立しているため、Takeは補語（C）となります。
文型	「He left Japan.」の文型と意味の正しい組み合わせはどれですか？	第3文型：彼は日本を出発した	第1文型：彼は日本へ向かった	第2文型：彼は日本にいた	第5文型：彼は日本を離れるつもりだ	直接目的語を1つとって「〜を去る」という意味になる第3文型だからです。	leaveが場所を直接後ろに置く場合は「〜を去る」という意味の他動詞（第3文型）になります。
文型	「He left the window open.」の文型として正しいものはどれですか？	第5文型 [SVOC]	第2文型 [SVC]	第3文型 [SVO]	第4文型 [SVOO]	窓を「開いたまま」にするという「目的語＝補語」の状態を説明しているからです。	leave O Cは「OをCの状態のまま放置する」という第5文型です。窓がどういう状態か（open）を説明しています。
文型	「Tell me the truth.」の文型として正しいものはどれですか？	第4文型 [SVOO]	第2文型 [SVC]	第3文型 [SVO]	第5文型 [SVOC]	「私に」と「真実を」という2つの異なる目的語（O1, O2）を持っているからです。	命令文でも主語のYouが省略されているだけで、動詞以降の語順のルールは通常の肯定文と同じです。
文型	命令文「Be quiet.」において、本来省略されている主語は何ですか？	You	I	We	They	命令文は目の前の相手（あなた）に対して直接言うため、主語は常にYouが想定されるからです。	「You are quiet.」から主語が消え、動詞が原形のBeに変わることで命令文が作られます。
文型	「He got sick.」の文型として正しいものはどれですか？	第2文型 [SVC]	第1文型 [SV]	第3文型 [SVO]	第5文型 [SVOC]	彼の状態が「病気である」と説明する形容詞（補語）をとる第2文型だからです。	getの後ろに形容詞がくると「〜の状態になる」という第2文型（S=C）になります。名詞がくると「手に入れる」という第3文型です。
文型	「We found him friendly.」の文構造から判断できる正しい意味はどれですか？	私たちは彼が親しみやすいと分かった	私たちは彼に親切な人を見つけた	私たちは彼を親しげに呼んだ	私たちは彼と友達になった	「find O C」は「OがCだと分かる・気づく」という第5文型の意味になるからです。	him = friendly（彼＝親しみやすい）という状態に気づくことを表します。第4文型の「見つける」とは意味が異なります。
時制 1	パーティーに誘われ、その場で「参加します」と決めた際の表現として正しいものはどれですか？	I will join.	I am going to join.	I joined.	I join.	willはその場で決めた話し手の意志を表す助動詞だからです 。	以前から決まっていた予定ならbe going toを使いますが、今その場で決めたことにはwillを使います 。
時制 1	飛行機の時刻表のように「確定している予定」を述べる際、最も適切な時制はどれですか？	現在形	未来形	過去形	進行形	飛行機の出発など、時刻表で決まっている確実な未来の予定は現在形で表すルールがあるからです 。+1	未来のことでも「10時に出発します」と言い切るニュアンスで現在形（departsなど）を用います 。
時制 1	「太陽は西に沈む」という自然の法則を英語にする際、動詞はどの形にしますか？	sets	set	will set	is setting	過去・現在・未来にわたって変わらない「不変の真理」は常に現在形を使うからです 。	真理や諺（ことわざ）は時制の一致を受けず、常に現在形で表現するのが鉄則です 。+1
時制 1	授業中に寝てばかりいる人に対し、不満や驚きを込めて「いつも〜してばかり」と強調する形はどれですか？	is always sleeping	always sleeps	sleeps now	was sleeping	「be動詞 + always + ing」の形で、不快な習慣や反復動作を強調できるからです 。	単なる習慣（always sleeps）よりも「頻度が多すぎて困る」という話し手の感情が強く含まれます 。
時制 1	文中の空所に入る適切な形を選んでください。「I will start when my boss ( ).」	comes	will come	come	came	「〜する時」という時の副詞節の中では、未来のことでも現在形を用いるからです 。+2	副詞節内では未来予測のwillを使いません。主語がmy boss（三人称単数）なのでcomesになります 。+1
時制 1	文中の空所に入る適切な形を選んでください。「I know when my boss ( ).」	will come	comes	come	coming	このwhenは「いつ〜か」という名詞節（目的語）なので、未来のことは未来形を使うからです 。+1	副詞節のwhen（〜する時）と、名詞節のwhen（いつ〜か）では時制のルールが異なるため注意が必要です 。
時制 1	「もし明日雨が降ったら」という条件を表す空所に適切なのはどれですか？「if it ( ) tomorrow...」	rains	will rain	rain	is raining	「もし〜なら」という条件の副詞節内では、未来の内容でも現在形で表すからです 。	明日のことでもif節の中ではwillを使いません。主語itに合わせてsを付けた現在形にします 。+1
時制 1	「彼女は彼のことを知っている」という文として正しいものはどれですか？	She knows him.	She is knowing him.	She know him.	She was knowing him.	knowは「知っている」という状態を表し、一瞬で動作を変えられないため進行形にできないからです 。+2	進行形（ing）は「すぐにやめられる動作」に使います。知識や愛着の状態を表す動詞は通常進行形にしません 。+1
時制 1	haveを進行形（ing）にして「（今）食べている」という意味で正しく使っているのはどれですか？	I am having dinner.	I am having a car.	I have dinner.	I was having a car.	haveが「食べる」という動作を表す場合は、動作の進行中としてing形にできるからです 。	「持っている（所有）」という意味のhaveは状態動詞なので進行形にできませんが、食事の動作なら可能です 。
時制 1	「明日の午後3時にテニスをしている最中だろう」という未来の動作を表す形はどれですか？	will be playing	is playing	will play	was playing	未来のある時点で継続している動作は、未来進行形（will be ing）で表すからです 。+1	単に「するつもり（will）」よりも、その瞬間に何をしているかを具体的に描写する際に使います 。
時制 1	近い未来の確実な予定として「明日、彼が来る」を表すのに使える進行形はどれですか？	is coming	come	came	has come	go, come, leaveなどの往来発着動詞は、現在進行形で確定した未来を表せるからです 。+1	すでに出発の準備が整っているような、確実性の高い近い未来の予定に対してよく使われます 。+1
時制 1	「昨日の正午、私は部屋を掃除していました」という過去の特定の瞬間の動作を表すのはどれですか？	I was cleaning	I cleaned	I am cleaning	I will be cleaning	過去の特定の時点で進行していた動作を表現するには、過去進行形（was/were ing）を使うからです 。+2	過去の単なる事実（掃除した）ではなく、その瞬間の様子を詳しく伝えるときに適しています 。+1
時制 1	英語の三単現のルールに基づき、「彼は英語を話します」として正しいものはどれですか？	He speaks English.	He speak English.	He is speak English.	He does speak English.	主語が三人称単数（IとYou以外の一人・一つ）の現在形の文では、動詞にsを付けるからです 。+1	会話で日本人が最も忘れやすいルールの一つです。He, She, Itなどが主語の現在はsを忘れないようにしましょう 。
時制 1	「彼女は日本に住んでいません」という三単現の否定文として正しいものはどれですか？	She doesn't live.	She doesn't lives.	She not lives.	She don't live.	三人称単数の否定文ではdoesn'tを使い、動詞はsを取って原形に戻すルールがあるからです 。	助動詞doesn'tがすでに三単現の役割を担っているため、後ろの動詞は元の形（live）に戻します 。
時制 1	「私は昨日テニスをしませんでした」という過去の否定文として正しいものはどれですか？	I did not play.	I did not played.	I don't played.	I not played.	過去の否定文ではdid not（didn't）を使い、後ろの動詞は必ず原形にするからです 。+1	didで過去であることを示しているので、動詞をplayedのままにせずplayに戻すのがポイントです 。
時制 1	「先週、公園に行きましたか？」という過去の疑問文として正しいものはどれですか？	Did you go?	Did you went?	Do you went?	Were you go?	過去の疑問文は文頭にDidを置き、メインの動詞は原形に戻す決まりだからです 。	過去の出来事を質問する際は、主語に関係なくDidを使います。wentを原形のgoに戻し忘れないようにします 。+1
時制 1	根拠や確信はないが、単に「今夜は雨が降るだろう」と予測するのに最も自然なのはどれですか？	It will rain.	It is going to rain.	It rains.	It is raining.	単純な未来の予測やその場で思った予測にはwillを用いるのが一般的だからです 。+2	「〜でしょう」という単純未来の予測では、主語の意志とは関係なくwillが使われます 。
時制 1	暗い雲を見て「（今にも）雨が降りそうだ」と、状況から確信して言う表現はどれですか？	It is going to rain.	It will rain.	It rains.	It is raining.	目の前の状況（黒い雲など）から、近い未来に起こることを確信して予測する際はbe going toを使うからです 。+1	be going toは「〜に向かっている」というニュアンスを含み、何かの予兆がある際の予測に適しています 。
時制 1	未来進行形の疑問文として正しいのはどれですか？「明日、彼女は勉強しているでしょうか？」	Will she be studying?	Is she be studying?	Will she studying?	Does she study?	助動詞willを主語の前に出し、その後に「be + 動詞のing形」を続ける語順になるからです 。	明日勉強するか（Will she study?）ではなく、その瞬間に勉強中かどうかを尋ねる形です 。
時制 1	主語が I（私）のとき、現在形と過去形のbe動詞の正しい組み合わせはどれですか？	am / was	am / were	is / was	are / were	Iは一人称単数なので、現在はam、過去は固有の活用形であるwasを用いるからです 。+2	be動詞の過去形はamとisのときはwas、areのときはwereになると覚えると整理しやすいです 。+1
時制 2	「上司が来た時、私はすでに仕事を終えてしまっていた」とするのに適切な形はどれですか？	had already finished	have already finished	finished	will have finished	上司が来た「過去の時点」より前に動作が完了していたことを表すには、過去完了形を用いるからです 。	過去完了の完了は「（過去のある時点までに）〜してしまった」という状態を表します 。
時制 2	「私は2010年からずっと日本に住んでいる」の空所に適するのはどれですか？「I have lived in Japan ( ) 2010.」	since	for	during	ago	過去の「起算点（いつから）」を表す場合はsinceを用いるルールがあるからです 。	forは「〜の間」という期間を表す際に使い、sinceは「〜以来」という始まりの時点を指します 。
時制 2	「もしもう一度読むと、その本を3回読んだことになる」という未来の経験を表す形はどれですか？	will have read	have read	had read	will be reading	生まれた時から「未来のある時点」までの経験回数を表すには、未来完了形を用いるからです 。	未来完了形の経験は、未来の特定の時点を終点とした「線」のイメージで捉えると分かりやすいです 。
時制 2	「2日前に買ったペンを失くした」という文で、「買った」動作を表すのに最適な形はどれですか？	had bought	bought	have bought	was buying	「失くした（過去）」よりもさらに前に起きた動作（大過去）を表すには「had + 過去分詞」を用いるからです 。	過去形だけだと同時に起きた印象を与えますが、過去完了を使うことで時間の前後関係がはっきりします 。
時制 2	「パリに行く前、2年間日本に住んでいた」という過去までの継続を表す文はどれですか？	I had lived in Japan.	I have lived in Japan.	I lived in Japan.	I will have lived in Japan.	「パリに行った」という過去の時点まで、状態が続いていたことを表すには過去完了形が適しているからです 。+2	現在完了は「今まで」の継続ですが、過去完了は「過去のある時まで」の継続を表す点が異なります 。+1
時制 2	「私は以前パリに行ったことがある」という経験を正しく表しているのはどれですか？	I have been to Paris before.	I have gone to Paris before.	I went to Paris before.	I had been to Paris before.	完了形で「行ったことがある（経験）」を表す場合は、been toを用いる決まりがあるからです 。+1	gone toを使うと「行ってしまって（今ここにいない）」という完了・結果の意味になるため注意が必要です 。+1
時制 2	動作動詞studyを用いて「（今も）3時間ずっと勉強し続けている」と言う場合の正しい形は何ですか？	have been studying	have studied	had been studying	will be studying	「勉強する」などの動作が今も継続していることを強調する場合、現在完了進行形を用いるのが一般的だからです 。+1	状態動詞（knowなど）は現在完了形、動作動詞（playなど）は現在完了進行形を使って継続を表します 。
時制 2	「雨が1週間降り続いている（今も降っている）」の否定文「1週間降っていない」として正しいものはどれですか？	It has not been raining.	It has not rained.	It did not rain.	It will not be raining.	動作の継続を否定する場合、現在完了進行形のhave/hasの直後にnotを置くからです 。	rainは動作動詞なので、現在完了進行形を使って「ずっと〜していない」という継続の否定を表します 。
時制 2	「まだその仕事を終えていません」という完了の否定文の末尾に置く適切な語はどれですか？	yet	already	just	never	現在完了の完了・結果の否定文では、文末に「まだ」という意味のyetを置くルールがあるからです 。	肯定文ではalready（すでに）やjust（ちょうど）を使い、否定・疑問文ではyetを使います 。+1
時制 2	「弟は郵便局へ行ってしまった（結果、今ここにいない）」という状態を表すのはどれですか？	My brother has gone to the post office.	My brother has been to the post office.	My brother went to the post office.	My brother had gone to the post office.	「行ってしまった（片道で完了）」という現在の結果を表すには、have gone toを用いるからです 。	have been toは「行ってきた（往復して今ここにいる）」という完了、または経験を表します 。
時制 2	過去完了進行形「had been + ing」が表す意味として正しいものはどれですか？	過去のある時点まで動作が継続していた	今までずっと動作が継続している	未来のある時点まで動作が継続している	過去に何度も経験した	過去完了進行形は、過去のある時点を基準にしてそれまで動作が続いていたことを表すからです 。	動作動詞（runやstudyなど）の継続を過去の視点で表現する際に用いられます 。
時制 2	「（今までに）イングランドに行ったことがありますか？」という経験を尋ねる疑問文で使われる語はどれですか？	ever	yet	already	just	現在完了形の経験を尋ねる疑問文では、過去分詞の前に「今までに」を意味するeverを置くからです 。	everは経験の疑問文特有のキーワードであり、「これまでに一度でも」というニュアンスを添えます 。
時制 2	「あなたは来月でどのくらい日本に住んでいることになりますか？」という継続期間を尋ねる正しい形はどれですか？	How long will you have lived...?	How long have you lived...?	How long had you lived...?	How long will you live...?	未来の特定の時点までの継続期間を尋ねるには、未来完了形の疑問文を用いるからです 。	疑問詞How longを文頭に置き、その後に未来完了形の疑問文の語順を続けます 。
時制 2	過去完了形「線」のイメージに対し、過去形「点」のイメージとして正しい説明はどれですか？	過去のある一時点の事実のみを表す	過去から現在までの繋がりを表す	過去の2つの時点の結びつきを表す	未来の動作の完了を予測する	過去形はある特定の時点（点）での出来事のみを表し、現在の状況については言及しないからです 。+1	「昨日〜した」という事実は点ですが、「昨日まで2年間〜していた」という継続は線（完了形）になります 。
時制 2	「先生が来るまで、私はこの本を読み続けていた」という動作の継続を正しく表しているのはどれですか？	I had been reading this book.	I have been reading this book.	I will have been reading this book.	I had read this book.	過去のある時点（先生が来た時）まで動作が続いていたことを表すには、過去完了進行形を用いるからです 。	読む（read）という動作の継続には、完了形よりも進行形の要素を足した「had been ing」が適しています 。
時制 2	「（過去の）その時まで、ケンは彼女を信じていなかった」という状態の継続の否定はどれですか？	Ken hadn't believed her.	Ken haven't believed her.	Ken didn't believe her.	Ken won't have believed her.	過去の時点までの状態の継続を否定するには、過去完了形のhadの後ろにnotを置くからです 。	believe（信じる）は状態動詞なので、進行形にはせず過去完了形（had + 過去分詞）で継続を表します 。+1
時制 2	「来週の日曜日までにその本を読み終える（つもりです）」という未来の完了を表すのに適切な前置詞はどれですか？	by	until	for	since	未来完了形の完了において「〜までに（期限）」を表すにはbyを用いるからです 。	untilは「〜までずっと（継続）」を、byは「〜までには（完了）」を表す使い分けが重要です 。
時制 2	「彼は昨日その仕事を終えた」という過去の文から、現在の状況について推測できることはありますか？	現在のことは分からない	今は仕事をしていない	今も仕事をしている	これから仕事を始める	過去形は「過去の事実」を表す点のイメージであり、現在の状態とは切り離されているからです 。	「昨日の事実」を述べるのが過去形、「過去の結果、今の状況がこうだ」と繋げるのが現在完了形です 。
時制 2	現在完了形と過去完了形のどちらを使うか判断する際、基準となるのは何ですか？	動作の終点が「今」か「過去のある時」か	動作が一度きりか何度もか	動作がすぐに終わるかどうか	自分の意志があるかどうか	現在完了は終点が「現在（今まで）」、過去完了は終点が「過去のある時点」という違いがあるからです 。+1	どちらも「線」のイメージですが、その線がどこで終わっているかに注目すると見分けやすくなります 。
時制 2	接続詞beforeやafterが文中にあり、時間の前後関係が明らかな場合に許容される時制はどれですか？	過去形	未来完了形	現在進行形	現在完了進行形	時の前後関係が接続詞で明確な場合、過去完了形の代わりに過去形を用いて代用できるからです 。+1	日常会話では、複雑な完了形を避けて単純な過去形で事実を並べることがよくあります 。
助動詞	「It may rain tomorrow.」が許可（～してもよい）ではなく、推量（～かもしれない）の意味になる理由は何ですか？	主語が物（It）であり、天気を表す文脈だからです。	否定文だからです。	疑問文だからです。	過去形だからです。	天気や状態について述べる場合、mayは許可ではなく推量の意味になります。	許可のmayは通常、主語がYouの時に相手への許可を与える表現として使われます。
助動詞	「彼は真実を言わなければならなかった」と、義務の過去を表すのに適切な形はどれですか？	had to	musted	must have	was must	mustには過去形がないため、代わりにhave toの過去形であるhad toを用いるからです。	助動詞の後ろは必ず動詞の原形がくるため、主語が三人称単数でも動詞にsは付けません。
助動詞	許可を求める際、May I ～ ? よりも丁寧で控えめな印象を与える表現はどれですか？	Might I	Can I	Will I	Should I	mightはmayの過去形ですが、許可を求める際に使うとより丁寧な表現になるからです。	相手との立場や状況に応じて、Can I（対等）とMay I（目上）を使い分けるのが基本です。
助動詞	「彼はそこにいるはずだ」という、ほぼ確実な推測（当然の推量）を表す助動詞はどれですか？	should	can	would	may	shouldには「～すべきだ」という義務の他に「～するはずだ」という当然の推量の意味があるからです。	状況から判断してほぼ間違いないと確信している時に使われる表現です。
助動詞	「～する必要はない（～しなくてよい）」と、不必要を表す表現として正しいものはどれですか？	don't have to +1	mustn't +1	shouldn't +1	won't +1	mustn'tは「禁止」を表し、不必要を言いたい場合はdon't have toを用いるからです。 +1	日本語の「～してはいけない」と「～しなくてよい」の使い分けを意識することが大切です。 +1
助動詞	「そのドアはどうしても開きませんでした」と、過去の強い拒絶（意志）を表す形はどれですか？	wouldn't	shouldn't	couldn't	hadn't	would notは、人だけでなく物が主語の時でも「どうしても～しようとしなかった」という意味を表せるからです。	ドアが開こうとする「意志」を否定するような、強い拒絶のニュアンスが含まれます。
助動詞	「その物語は本当のはずがない」という、強い否定の推量を表すのに適切な助動詞はどれですか？	cannot	may not	mustn't	shouldn't	canの否定形であるcannotは「～のはずがない」という話し手の強い確信を伴う推量を表すからです。	肯定文のcanは「～することがある（可能性）」を表す点も合わせて覚えましょう。
助動詞	助動詞canを「～することができる（能力）」の意味でbe able toに書き換える際、beの部分はどう変化させますか？	主語に合わせてam, are, isに変える	常にbeのままにする	常にbeenにする	常にbeingにする	be able toはbe動詞を含んでいるため、通常のbe動詞の文と同じように主語に応じた形に変える必要があるからです。	助動詞の後ろ（will be able toなど）で使う場合は原形のbeに戻ります。
助動詞	依頼の表現「～してくれませんか」を、より丁寧な形にするのに適しているのはどれですか？	Could you	Can you	Will you	Shall you	過去形のcouldやwouldを使うことで、現在形よりも丁寧で謙虚な依頼のニュアンスになるからです。	Could youのほうがWould youよりもさらに丁寧な響きになります。
助動詞	「彼は有名な歌手にちがいない」と、確信に近い推量を表す際の動詞の形はどれですか？	must be	must is	must am	must are	mustなどの助動詞の後ろは、主語が誰であっても必ず動詞の原形（be）を置くルールがあるからです。	推量のmustには「義務（～しなければならない）」の意味もありますが、文脈で判断します。
助動詞	「以前はよく釣りに行ったものだ（今は行っていない）」と、過去の習慣を懐かしんで表す語はどれですか？	used to	would	will	use to	used toを使うと「以前はしていたが、今はしていない」という現在との対比が強調されるからです。	wouldも過去の習慣を表しますが、単に「昔よく～した」という回想のニュアンスが強くなります。
助動詞	「～したほうがよい」という忠告を表す際、命令に近い非常に強い響きを持つ表現はどれですか？	had better	should	may	could	had betterは「そうしないと困ったことになる」という威圧的なニュアンスを含む強い忠告だからです。	目上の人に対して使うと失礼になる場合があるため、通常はshouldを用いるのが無難です。
助動詞	助動詞のneedを用いた否定文「彼はそこへ行く必要はない」として正しいものはどれですか？	He needn't go there.	He don't need go there.	He needs not go there.	He needn't to go there.	助動詞needの否定形はneedn'tとなり、後ろにはtoのない動詞の原形がくるからです。	一般動詞のneed（doesn't need to）と混同しやすいポイントなので注意しましょう。
助動詞	「以前、ここに大きな木がありました（今はもうない）」という過去の状態を表す正しい形はどれですか？	There used to be	There would be	There was used to	There used be	used toは「よく～した（習慣）」だけでなく「以前は～だった（状態）」も表すことができるからです。	wouldには「過去の状態（～だった）」を表す使い方はありません。
助動詞	「明日雨が降るかもしれない」と言う際、mayよりもさらに可能性が低いことを表す語はどれですか？	might	can	should	will	mightはmayの過去形ですが「ひょっとしたら～かもしれない」と可能性を低く見積もる時に使うからです。	過去の意味はなく、現在の可能性を推測する表現として使われます。
助動詞	「あなたはその仕事をしないほうがよい」という、had betterの正しい否定形はどれですか？	had better not	had not better	hadn't better	didn't had better	had betterは2語で1つの助動詞のように扱い、その直後にnotを置くのが正しい語順だからです。	had not betterと間違えやすいため、セットで覚えるべき重要ポイントです。
助動詞	一般動詞needを使った「彼はお金を払う必要がある」という文で、正しい形はどれですか？	He needs to pay money.	He need to pay money.	He needs pay money.	He need pay money.	一般動詞としてのneedは主語が三人称単数の時にsが付き、後ろには不定詞（to do）を伴うからです。	助動詞need（He needn't pay）との活用の違いに注目しましょう。
助動詞	「彼は真実を言わなければならないだろう」と、義務の未来を表すのに適切な形はどれですか？	will have to	will must	must will	will had to	助動詞willの後ろには別の助動詞mustを置けないため、have toを組み合わせて使うからです。	will have toの疑問文はWill he have to ～ ?の形になります。
助動詞	「彼女はここへ来なければなりませんか？」という義務の疑問文に対する、正しい「いいえ」の答えはどれですか？	No, she doesn't have to.	No, she mustn't.	No, she shouldn't.	No, she doesn't must.	義務（～しなければならない）の疑問文に対し「～しなくてよい」と答える場合はdoesn't have toを使うからです。	No, she mustn'tと答えると「いいえ、来てはいけません」という強い禁止の意味になってしまいます。
助動詞	主語がHeのとき、義務の have to はどの形に変化しますか？	has to	haves to	have to	had to	have toのhaveは一般動詞と同じように活用するため、主語が三人称単数の場合はhasに変わるからです。	be able toと同様に、主語に応じた動詞の変化が必要です。
受動態	「その箱はケンによって開けられました」の( )に入る、過去の受動態を作る語はどれですか？「The box ( ) opened by Ken.」	was	is	were	been	主語が三人称単数のThe boxで、過去の動作を表す場合はwasを用いるからです。	受動態は「be動詞＋過去分詞」で作ります。過去のことならbe動詞を過去形（was/were）にします。
受動態	受動態の文で、動作を行う人（動作主）を表す( )に入る適切な語はどれですか？「The car was bought ( ) him.」	by	to	for	with	受動態で「〜によって」と動作主を示す際は、前置詞byを置くのが基本ルールだからです。	動作を受ける物を主語にするのが受動態の特徴です。byの後ろには動作をする人を置きます。
受動態	「その家は来年建てられるでしょう」の( )に入る語はどれですか？「The house will ( ) built next year.」	be	is	been	was	助動詞willの後ろに受動態を置く場合、be動詞は必ず原形のbeになるからです。	助動詞（will, must, canなど）が使われる文では、主語に関わらずbe動詞は原形に戻ります。
受動態	「そのケーキは今、切られているところです」の( )に入る語はどれですか？「The cake is ( ) cut now.」	being	been	be	was	「〜されているところだ」という進行中の受動態は「be動詞＋being＋過去分詞」で表すからです。	進行形と受動態を繋ぐ役目としてbeingが必要です。now（今）がある文でよく使われます。
受動態	「その仕事はすでに終えられてしまいました」の( )に入る語はどれですか？「The work has ( ) finished.」	been	being	be	was	「〜されてしまった」という完了の受動態は「have/has＋been＋過去分詞」の形になるからです。	完了形と受動態を合体させる際はbeenを使います。already（すでに）と一緒に使われることが多いです。
受動態	「その歌手は多くの人に知られています」の( )に入る前置詞はどれですか？「The singer is known ( ) many people.」	to	by	at	with	know（知っている）を受動態にする際、動作主の前にbyではなくtoを使う特殊なパターンだからです。	受動態にはby以外の前置詞を使う動詞があります。known to 〜 は特によく狙われる重要表現です。
受動態	「私はそのニュースに驚きました」の( )に入る前置詞はどれですか？「I was surprised ( ) the news.」	at	by	to	in	感情を表すsurpriseを受動態にする際は、byではなくatを用いるのが一般的だからです。	人が主語の時、感情の原因を表すためにatを使います。「〜に驚かされた」が直訳です。
受動態	「その家は木でできています」の( )に入る、見た目で材料がわかる場合の前置詞はどれですか？「The house is made ( ) wood.」	of	from	in	by	材料（木）が見た目でそのまま残っている製品については、ofを使うルールがあるからです。	「〜でできている」は、材料が目で見てわかるならof、性質が変わる原料ならfromと使い分けます。
受動態	「バターは牛乳から作られます」の( )に入る、原料の性質が変わっている場合の前置詞はどれですか？「Butter is made ( ) milk.」	from	of	in	by	原料（牛乳）が加工されて形や性質が大きく変わっている場合は、fromを使うからです。	最終製品から元の原料が想像しにくい「原料」を表す際はfromを使います。
受動態	「彼は彼女に世話をされています」の( )に入る語はどれですか？「He is taken care ( ) by her.」	of	to	for	with	群動詞（一塊の動作）であるtake care ofは、受動態になってもofを消さずに残すからです。	動詞単体ではなく、熟語全体を一つの動詞として扱うのが群動詞の受動態のポイントです。
受動態	「私は彼らにからかわれました（laugh at 〜）」の( )に入る語はどれですか？「I was laughed ( ) by them.」	at	to	on	of	laugh atという熟語を一つのセットとして扱い、受動態になってもatとbyを並べて置くからです。	過去分詞の直後に前置詞が重なっても間違いではありません。熟語の一部は省略厳禁です。
受動態	「彼女は見知らぬ人に話しかけられました」の( )に入る語はどれですか？「She was spoken ( ) by a stranger.」	to	with	at	of	speak to（〜に話しかける）という熟語を受動態にする際、toを落とさずそのまま使うからです。	前置詞のtoがないと「話された」だけになり、意味が通じません。熟語の形を維持しましょう。
受動態	「それらのペンは彼に使われましたか？」の( )に入る、過去の疑問文を作る語はどれですか？「( ) those pens used by him?」	Were	Was	Are	Did	主語が複数形のthose pensで、過去の受動態の疑問文にするにはWereを文頭に出すからです。	受動態の疑問文はbe動詞を前に出します。主語が単数か複数かをまず確認するのがコツです。
受動態	「その車は彼に購入されませんでした」の( )に入る否定語はどれですか？「The car ( ) bought by him.」	wasn't	didn't	not	won't	過去の受動態を否定にする際は、be動詞（was）の後ろにnotを置くルールがあるからです。	didn'tは一般動詞の文で使う語です。受動態はbe動詞のルールに従って否定文を作ります。
受動態	「その箱は息子によって開けられるかもしれません」の( )に入る助動詞はどれですか？「The box ( ) be opened by my son.」	may	is	was	can	「〜かもしれない」という推測の意味を付け加えるには、助動詞mayを受動態に組み合わせるからです。	助動詞を加える場合、語順は「助動詞＋be＋過去分詞」となります。
受動態	「その箱はクッキーでいっぱいでした」の( )に入る前置詞はどれですか？「The box was filled ( ) cookies.」	with	by	at	of	be filled with（〜で満たされている）という表現で、by以外の前置詞を使う決まりだからです。	fill（満たす）の受動態ではwithを使います。熟語としてまとめて覚えてしまうのが効率的です。
受動態	「彼はその車に興味を持っています」の( )に入る前置詞はどれですか？「He is interested ( ) the car.」	in	at	with	by	interest（興味を持たせる）の受動態で「興味がある」と言う際、前置詞はinを使うと決まっているからです。	受動態ですが、形容詞のように使われる慣用表現です。by以外の前置詞inに注意しましょう。
受動態	「日本で日本語が話されています」のように、動作主が一般の人（人々）の場合、文末はどうするのが一般的ですか？	by peopleを省略する	by peopleを必ず書く	people is spokenにする	people speakedにする	動作主が一般の人や、言わなくても明らかな場合は、by＋動作主を省略するのが自然だからです。	日本語でも「日本人は〜」と言わず「〜されています」と言うのと似た感覚で省略されます。
受動態	助動詞mustを使った「果物はカットされるにちがいない」の正しい語順はどれですか？	must be cut	be must cut	must cut be	cut be must	受動態に助動詞を足す時は、助動詞の後ろに原形のbeを置き、その後に過去分詞を続けるからです。	cutの過去分詞形は原形と同じcutである点も、初心者の方が間違いやすいポイントです。
受動態	「その車は彼によって購入されるかもしれない」を否定文にする際、notを置く場所はどこですか？	mayの直後	beの直後	boughtの直後	文の最後	助動詞が含まれる文を否定にする際は、助動詞（may）のすぐ後ろにnotを置くルールがあるからです。	「may not be 過去分詞」の形になります。助動詞のルールが優先されることに注目しましょう。
不定詞	文中の不定詞が「〜すること」と訳されるのはどれですか？「My dream is ( ) a pilot.」	to become	become	becoming	became	文中で補語（C）として働き、名詞と同じ役割をする「名詞的用法」だからです。+1	名詞的用法は主語、補語、目的語になり、「〜すること」と訳します。
不定詞	不定詞が直前の名詞を詳しく説明する表現はどれですか？「I have many things ( ) today.」	to do	do	doing	done	「〜すべき…」という意味で、直前の名詞（things）を後ろから修飾する「形容詞的用法」だからです。+1	英語では2語以上のセットで名詞を修飾する場合、必ず名詞の後ろに置くルールがあります。
不定詞	文中の不定詞が「〜するために」という目的を表すのはどれですか？「I got up early ( ) study.」	to	for	so	in	動詞（got up）を修飾し、動作の目的や理由を説明する「副詞的用法」だからです。+1	副詞的用法には「目的」の他に、感情の原因（〜して）や判断の根拠（〜するなんて）の意味もあります。
不定詞	「あなたにここに来てほしい」という希望を表すのに適切な形はどれですか？「I want ( ) here.」	you to come	you come	your coming	for you to come	「want 人 to do」で「（人）に〜してほしい」という第5文型（SVOC）の形を作るからです。+1	want to doだと「自分が〜したい」ですが、間に人を挟むことで「誰に〜してほしいか」を指定できます。
不定詞	「この川で泳ぐことは危険だ」をItから始める文にする際、( )に入るのはどれですか？「It is dangerous ( ) in this river.」	to swim	swim	swimming	swam	主語が長くなるのを避けるため、形式上の主語Itを置き、真の主語を後ろに回す「形式主語構文」だからです。+2	形式主語のit自体は日本語に訳しません。英語は結論（危険だ）を先に言うことを好みます。+1
不定詞	「彼がその箱を運ぶのは簡単だ」と言う際、( )に入る語は何ですか？「It is easy ( ) him to carry the box.」	for	of	to	at	不定詞の動作主（誰が運ぶのか）を具体的に示す場合、「for + 人」を不定詞の前に置くルールだからです。+3	一般の人にとっての事柄ではなく、特定の人物の動作であることを表す際に「意味上の主語」を用います。+1
不定詞	「私を助けてくれるなんて、あなたは親切ですね」の( )に適するのはどれですか？「It is kind ( ) you to help me.」	of	for	with	to	人の性質や性格を評価する形容詞（kindなど）が使われる場合、意味上の主語にはforではなくofを用いるからです。+2	kind, nice, wiseのように「その人がどんな人か」を述べる形容詞の時はofを使う点に注意が必要です。+1
不定詞	依頼の表現「彼に私を手伝うよう頼んだ」として正しいものはどれですか？「I asked ( ) me.」	him to help	him helping	to him help	him help	「ask 人 to do」という形で「人に〜するように頼む」という第5文型の構造をとるからです。+1	tell 人 to do（言う）やadvise 人 to do（忠告する）も、同じ不定詞のパターンをとる重要な動詞です。
不定詞	「何をすべきか」という名詞の役割をする塊として適切なのはどれですか？「I don't know ( ).」	what to do	what do	how to do	to do what	「疑問詞 + to不定詞」で、文中で目的語などの役割をする名詞句を作ることができるからです。+1	how to do（やり方）、where to go（どこへ行くべきか）などのバリエーションも頻出です。
不定詞	「彼は私にその仕事をさせた」と強制のニュアンスで言う際、( )に入る形はどれですか？「He made me ( ) the work.」	do	to do	doing	done	使役動詞makeの後ろに不定詞を置く場合、toを付けない「原形不定詞」にする規則があるからです。+1	使役動詞make, have, letの後ろでは、to不定詞ではなく動詞の原形を置くのが最大の特徴です。
不定詞	「少年が通りを渡るのを見た」という知覚の表現で適切なのはどれですか？「I saw a boy ( ) the street.」	cross	to cross	crossed	crosses	see（見る）などの知覚動詞の後ろでは、補語となる不定詞からtoを省いた「原形不定詞」を用いるからです。	hear（聞く）、feel（感じる）も知覚動詞の仲間であり、同様に原形不定詞を伴います。
不定詞	「あまりに疲れていて動けない」という否定の意味を含む構文はどれですか？「I am ( ) tired to move.」	too	very	so	enough	「too 〜 to …」という形で「あまりに〜なので…できない」という強い否定の意味を表すからです。+1	否定語のnotがなくても「できない」という意味になるのが、この構文の重要なポイントです。
不定詞	「その試験に合格するほど十分熱心に勉強した」の( )に入る語はどれですか？「He studied hard ( ) to pass the exam.」	enough	too	so	as	「形容詞・副詞 + enough to do」で「〜するほど十分に…だ」という肯定的な程度を表すからです。+1	enoughを置く位置に注意が必要です。形容詞や副詞の「後ろ」に置かれます。
不定詞	「その列車は昨夜出発する予定でした」をbe to構文で表した際、( )に入る語は何ですか？「The train ( ) to leave last night.」	was	is	been	has	be動詞 + to不定詞には「予定」や「運命」など5つの特別な意味があり、過去形にすることで過去の予定を表せるからです。+1	他にも義務（〜すべきだ）、可能（〜できる）、意図（〜するつもりだ）などの意味があります。
不定詞	「彼は以前、金持ちだったようだ」と現在の推測より前の状態を表す正しい形はどれですか？「He seems ( ) rich.」	to have been	to be	being	have been	主節の時制（seems：現在）より古い内容（かつて金持ちだった）を表すには、完了不定詞を用いるからです。+2	「to have + 過去分詞」の形をとることで、1つ古い時制（過去や大過去）の内容を表現できます。+2
不定詞	「私は、彼がそのテストに合格することは可能だと思う」の( )に適するのはどれですか？「I think ( ) possible that he passes the test.」	it	that	this	so	目的語が長い節（that節）や不定詞の場合、一時的にitを置き、内容を後ろに回す「形式目的語」の構文だからです。+2	主にfind, make, thinkなどの動詞で使われ、SVOCの第5文型を構成します。+1
不定詞	「彼は金持ちのようだ」をItから始まる文に書き換える際、( )に入る語はどれですか？「( ) seems that he is rich.」	It	He	That	There	「S seem to do」は「It seems that + 節」という形式主語を用いた文に書き換えることができるからです。+1	seem toの後ろは動詞の原形、thatの後ろは「主語 + 動詞」の文が続くという構造の違いがあります。+1
不定詞	「彼は彼女に愛されたいと思っている」とするのに適切な受動態の不定詞はどれですか？「He wants ( ) by her.」	to be loved	to love	to be love	to loved	不定詞（to do）と受動態（be 過去分詞）を組み合わせることで「〜されること」という意味になるからです。+1	意味が受動（愛される）になる場合は「to be 過去分詞」の形をセットで使います。
不定詞	「実を言うと」という慣用的な不定詞の表現はどれですか？「( ), I don't like him.」	To tell the truth	To speak the truth	In order to tell	To be sure	文全体を修飾する「独立不定詞」と呼ばれる熟語のような慣用表現だからです。	他にもso to speak（いわば）、to make matters worse（さらに悪いことに）などがあります。
不定詞	「私は彼がその仕事をするのを手伝った」と言う際、( )のどちらも使える動詞はどれですか？「I helped him ( ) (to) do the work.」	help	make	get	have	helpという動詞は、後ろに「to不定詞」と「原形不定詞」の両方を置くことができる特別な性質があるからです。+1	現代英語ではtoを省いた原形不定詞の形がより好まれる傾向にあります。
動名詞	「甘いものを食べたい気分だ」と今の気分を表す際、( )に入る適切な形はどれですか？「I feel like ( ) sweets.」	eating	to eat	eat	ate	「feel like ～ing」で「～したい気がする」という慣用表現になるからです。	feelの後ろに不定詞（to eat）を置くことはできません。動名詞をセットで覚えるのがコツです。
動名詞	「本当のことを言うことはできない」という不可能の意味を持つ表現はどれですか？「There is no ( ) the truth.」	telling	to tell	tell	told	「There is no ～ing」で「～することはできない」という不可能を表すからです。	It is impossible to tell と同じ意味になります。会話よりも書き言葉でよく使われる表現です。
動名詞	「その映画は見に行く価値がある」とする際、( )に入る適切な形はどれですか？「This movie is worth ( ).」	watching	to watch	watch	watched	「be worth ～ing」で「～する価値がある」という決まった言い方があるからです。	worthの後ろに不定詞は置けません。動名詞を置くことでその動作の価値を説明します。
動名詞	「私は泣かずにはいられなかった」と、感情を抑えられない時の正しい表現はどれですか？「I could not help ( ).」	crying	to cry	cry	cried	「cannot help ～ing」で「～せずにはいられない」という強い感情を表すからです。	helpには「避ける」という意味があり、直訳すると「泣くことを避けられない」となります。
動名詞	「覆水盆に返らず（済んだことを悔やんでも無駄だ）」という諺に合う表現はどれですか？「It is no use ( ) over spilled milk.」	crying	to cry	cry	cried	「It is no use ～ing」で「～しても無駄だ」という慣用表現になるからです。	doingの代わりに「in vain」などは使いません。形を丸ごと覚えてしまうのが効率的です。
動名詞	「窓を閉めていただけますか？」と丁寧に頼む際、( )に入る形は何ですか？「Would you mind ( ) the window?」	closing	to close	close	closed	mind（嫌に思う）の目的語には不定詞ではなく動名詞を置く決まりがあるからです。	この問いに「いいですよ（閉めますよ）」と答える時は、No（嫌じゃありません）と言う点に注意です。
動名詞	「私はそこへ行かないと主張した」と動名詞を否定する場合、notを置く正しい位置はどこですか？	goingの直前	insistedの直後	onの直前	文の最後	動名詞を否定する時は、動名詞（～ing）の直前に否定語のnotやneverを置くルールだからです。	「on not going」の語順になります。動詞の否定（don't）と混同しないようにしましょう。
動名詞	「私は叱られるのを恐れている」と受動の意味にする際、適切な形はどれですか？「I am afraid of ( ).」	being scolded	scolding	to be scolded	been scolded	動名詞の受動態は「being + 過去分詞」の形で「～されること」という意味を作るからです。	自分が叱るのではなく、誰かに叱られる（受身）なのでbeingが必要です。
動名詞	「息子が嘘をつかないことを誇りに思う」と言う際、意味上の主語と否定語の正しい語順はどれですか？	her son not telling	not her son telling	her son telling not	not telling her son	意味上の主語（her son）を否定語（not）の前に置き、その後に動名詞を続けるからです。	「（人）＋ not ＋ ～ing」の形になります。誰が（主語）何をしない（否定）かを順番に並べます。
動名詞	「遅刻したことを（今）恥じている」と、過去の出来事を表す動名詞の形はどれですか？「I am ashamed of ( ) late.」	having been	being	have been	to have been	主節（恥じている：現在）より古い内容（遅刻した：過去）を表すには「having + 過去分詞」を用いるからです。	単にbeingとすると「今、遅刻していることを（今）恥じている」という同時刻の意味になります。
動名詞	「家に帰るとすぐに、私は手を洗った」と言う際、( )に入る前置詞は何ですか？「( ) going home, I washed my hands.」	On	In	At	By	「On ～ing」で「～するとすぐに」という、動作の直後を表す慣用表現になるからです。	As soon as I went home と書き換えることができます。
動名詞	「料理をする時に、私はこのナイフを使う」と言う際、( )に入る適切な前置詞はどれですか？「( ) cooking, I use this knife.」	In	On	At	By	「In ～ing」で「～する時に（～している間に）」という同時並行の状況を表すからです。	When I cook と同じ意味になります。作業中の状況を説明する際に使われます。
動名詞	「彼女は夕食を作るのに忙しい」と言う際、適切な形はどれですか？「She is busy ( ) dinner.」	cooking	to cook	cook	cooked	「be busy (in) ～ing」で「～するのに忙しい」という状態を表すからです。	busyの後ろに不定詞（to cook）を置くのは間違いです。inは省略されるのが一般的です。
動名詞	「この車は修理する必要がある」と言う際、動名詞の特殊な用法として適切なのはどれですか？「This car needs ( ).」	repairing	to repair	repaired	being repaired	needの後ろに動名詞を置くと、形は能動態でも「～される必要がある」と受動の意味になるからです。	needs to be repaired と同じ意味ですが、動名詞一語で表すほうが簡潔で好まれます。
動名詞	「彼女に会うと必ずこの手紙を思い出す」という「～すれば必ず…する」を表す正しい組み合わせはどれですか？	cannot ... without ～ing	cannot ... with ～ing	never ... during ～ing	never ... for ～ing	「cannot（never） ... without ～ing」で「～すれば必ず…する」という二重否定の慣用句だからです。	直訳は「～することなしに…することはない」となり、強い習慣を表します。
動名詞	「私は、彼がその試験に合格することを確信している」を動名詞で表す際、正しい形はどれですか？	I'm sure of him passing.	I'm sure that him passing.	I'm sure of him to pass.	I'm sure to him passing.	前置詞ofの後ろに、意味上の主語（him）と動名詞（passing）を並べて置くからです。	ofの後ろに節（S+V）は置けないため、動名詞のカタマリにして目的語にします。
動名詞	「彼は、学校に遅刻したことを（昨日）恥じていました」という過去の時点より前の内容を表す形はどれですか？	having been	being	to be	was	主節（恥じていた：過去）よりさらに前（大過去）の出来事を示すには、完了形動名詞を用いるからです。	時制が一つズレる場合に「having + 過去分詞」を使うというルールは不定詞とも共通しています。
動名詞	「タバコを吸うのをやめていただけますか？」と聞かれ、「いいですよ（吸いません）」と答える際の正しい言葉はどれですか？	No, not at all.	Yes, I will.	Yes, of course.	No, I mind.	mindは「嫌だと思う」という意味なので、Noと答えることで「嫌ではありません」という承諾になるからです。	日本人が最も間違えやすいポイントです。Yesと答えると「嫌です（やめません）」となります。
動名詞	「率直に言って、私は彼が好きではない」という文全体を修飾する不定詞に近い役割の動名詞表現はどれですか？	Frankly speaking	To be frank	To tell the truth	In fact	「Frankly speaking」は慣用的な分詞構文に近い表現ですが、独立して文を修飾する役割を持つからです。	提示資料にある「to be frank with you」の不定詞版と同じ意味で使われます。
動名詞	「私は彼がその仕事をすることを手伝った」とする際、動名詞を使うならどの前置詞が必要ですか？	help him in doing	help him to doing	help him with doing	help him for doing	help 人 in ～ing という形で「人が～するのを手伝う」というプロセスを説明できるからです。	提示資料の不定詞（help 人 to do）との書き換えとして、前置詞inが使われることがあります。
分詞	「私は本を読みながら座っていた」とする際、( )に入る適切な形はどれですか？「I sat ( ) a book.」	reading	to read	read	to reading	主語（I）が「読んでいる」という能動の状態を説明する主格補語が必要だからです。	主語の状態を説明する分詞を主格補語と呼びます。sitやstandなどの動詞と一緒に使われます。
分詞	「あそこで眠っている少年を見て」と言う際、( )に入る正しい語はどれですか？「Look at the ( ) boy over there.」	sleeping	sleep	slept	to sleep	「〜している」という能動の意味で、１語で名詞を前から修飾する場合は現在分詞を用いるからです。	分詞が１語で名詞を修飾する場合は、通常の形容詞と同じように名詞の前に置くルールがあります。
分詞	「プールで泳いでいる少女は私の妹です」と言う際、空所に適するのはどれですか？「The girl ( ) in the pool is my sister.」	swimming	swim	swum	to swim	「泳いでいる」という動作が他の語（in the pool）を伴い、後ろから名詞を修飾する形だからです。	２語以上のセットで名詞を詳しく説明する場合、英語では必ず名詞の後ろに置くという規則があります。
分詞	「彼によって買われたCDは机の上にあります」と言う際、( )に入る形はどれですか？「The CD ( ) by him is on the desk.」	bought	buying	buy	to buy	CDは「買われる」という受け身の関係なので、過去分詞を使って後ろから修飾するからです。	名詞と分詞の関係が「〜される」という受動の場合は過去分詞、 「〜している」という能動なら現在分詞です。
分詞	「私は彼女が公園で走っているのを見た」と言う際、( )に入る適切な形はどれですか？「I saw her ( ) in the park.」	running	run	ran	to run	目的語（her）が「走っている」ところを説明する目的格補語として現在分詞を用いるからです。	知覚動詞seeなどは「Oが〜しているのを見る」という進行中の動作を強調する際にing形をとります。
分詞	「私は彼女が先生に呼ばれているのを見た」と言う際、( )に入る形はどれですか？「I saw her ( ) by the teacher.」	called	calling	call	to call	目的語（her）が「呼ばれる」という受け身の関係にあることを説明する過去分詞が必要だからです。	知覚動詞の文でも、目的語と補語の関係が受け身であれば、補語には過去分詞を置くのが正解です。
分詞	「彼女は水を出しっぱなしにして料理をしていました」の( )に入る語は何ですか？「She was cooking with water ( ).」	running	run	ran	to run	水が自ら「流れている」という能動の関係なので、現在分詞を用いて付帯状況を表すからです。	「with + 名詞 + 分詞」で「〜の状態のまま」という意味になります。水は自然に流れるのでing形です。
分詞	「彼は腕を組んで立っていました」とする際、( )に入る適切な形はどれですか？「He was standing with his arms ( ).」	folded	folding	fold	to fold	腕（arms）は人の意志で「組まれる」ものなので、受け身の関係を表す過去分詞を用いるからです。	体の一部が付帯状況の「名詞」にくる場合、その部位が「される」動作なら過去分詞を選ぶのがコツです。
分詞	「病院で怪我をした人々を見ました」と言う際、( )に入る適切な語は何ですか？「I saw the ( ) in the hospital.」	injured	injure	injuring	to injure	「the + 分詞」で「〜な人々」という名詞の役割を果たすことができるからです。	the injuredはinjured peopleと同じ意味になります。過去分詞ですが「怪我をした人」と訳します。
分詞	「明日は焼けつくような暑さになるだろう」と言う際、( )に入る適切な形は何ですか？「It will be ( ) hot tomorrow.」	roasting	roast	roasted	to roast	現在分詞が形容詞（hot）を修飾し、「焼けつくように」という副詞的な役割を果たすからです。	freezing cold（凍りつくように寒い）なども同様の表現です。分詞が程度を強める役割をします。
分詞	「私は毎週日曜日に泳ぎに行きます」という文として、最も自然なものはどれですか？	I go swimming every Sunday.	I go to swim every Sunday.	I go to swimming every Sunday.	I go swim every Sunday.	「go 〜ing」で「〜しに行く」という、スポーツや娯楽活動を表す慣用表現だからです。	このingは現在分詞とされています。go shopping（買い物に行く）など、日常で頻出する形です。
分詞	「私は彼女を眠らせておいた」と言う際、( )に入る適切な形は何ですか？「I kept her ( ).」	sleeping	sleep	slept	to sleep	彼女（her）が「眠っている」という状態を保つことを表す現在分詞が必要だからです。	keep O C（OをCの状態に保つ）のC（補語）に分詞を置くことで、動作が続いている様子を表せます。
分詞	「彼はドアを閉めたままにしておいた」と言う際、( )に入る正しい語はどれですか？「He left the door ( ).」	closed	closing	close	to close	ドア（door）が「閉められた」という受け身の状態を放置していることを表すからです。	leave O Cで「OをCのままにしておく」という意味になります。ドアと閉めるの関係は受動なのでed形です。
分詞	「彼はみんなに見られて立っていた」とする際、( )に入る適切な形はどれですか？「He stood ( ) by everyone.」	seen	seeing	saw	to see	主語（He）が「見られている」という受け身の状態で立っていることを説明する過去分詞だからです。	自動詞stoodの後ろに過去分詞を置くことで、「〜された状態で立つ」という補語の役割をさせます。
分詞	「（進行中の）踊っている人々」を英語にする際、正しい形はどちらですか？	dancing people	danced people	to dance people	dance people	人々が自ら「踊っている」という能動の進行状態なので、現在分詞で修飾するのが正しいからです。	過去分詞dancedを用いると「踊らされた人々」という不自然な意味になってしまいます。
分詞	「その結果にショックを受けて、彼らは座っていた」とする際、( )に入る語は何ですか？「They sat ( ) at the result.」	shocked	shocking	shock	to shock	彼らが「ショックを与えられた（受けた）」という受動の感情状態を説明する過去分詞だからです。	感情を表す動詞を分詞にする場合、人が主語なら「受動（ed）」、物が主語なら「能動（ing）」が基本です。
分詞	「走っている少年を見た」と言う際、現在分詞の役割として正しい説明はどれですか？	形容詞のように名詞を修飾している	動名詞として目的語になっている	副詞として文全体を修飾している	述語動詞として動作を表している	文中のrunningはboyという名詞を詳しく説明しており、形容詞と同じ働きをしているからです。	形は動名詞と同じing形ですが、名詞を修飾している場合は「現在分詞」と判断します。
分詞	「凍りつくように寒い」という表現で、適切な分詞はどれですか？「( ) cold」	Freezing	Frozen	Freezed	To freeze	寒さの程度を「凍るような」と現在分詞を使って形容詞（cold）を修飾する慣用表現だからです。	burning hot（焼けるように熱い）など、現在分詞が副詞のように機能する特殊な例の一つです。
分詞	「テレビを見ている子供達」と言う際、分詞の位置として正しいものはどれですか？	The children watching TV	The watching TV children	The children watched TV	The watching children TV	２語以上のカタマリ（watching TV）で修飾する場合は、名詞の直後に置かなければならないからです。	１語なら前から、２語以上なら後ろから。分詞の形容詞的用法において最も重要な語順ルールです。
分詞	「彼は新しい車に満足しているように見えた」とする際、( )に入るのはどれですか？「He looked ( ) with his new car.」	satisfied	satisfying	satisfy	to satisfy	彼が「満足させられている（満足している）」という状態を表す過去分詞が必要だからです。	look C（〜に見える）のCに感情の過去分詞を置くことで、人の感情状態を表現できます。
分詞構文	「As I felt tired, I went to bed.」を分詞構文にする際、文頭にくる正しい形はどれですか？	Feeling tired	Felt tired	Feel tired	To feel tired	接続詞と主語を消し、動詞を現在分詞（ing形）にするのが分詞構文の基本ルールだからです。	もとの「～なので」という意味は残したまま、ing形一語で文をスッキリさせる技術です。
分詞構文	「警官を見て、彼は逃げ出した」という時の意味を表す分詞構文の形はどれですか？	Seeing the police	Seen the police	To see the police	Saw the police	「～した時」という接続詞Whenの意味を、現在分詞のing形を使って一語で表しているからです。	分詞構文は、文脈によって「時・理由・条件・譲歩・付帯状況」の5つの意味に使い分けられます。
分詞構文	「何と言ってよいか分からず、彼女は黙っていた」という否定の分詞構文で、正しい語順はどれですか？	Not knowing what to say	Knowing not what to say	Don't knowing what to say	No knowing what to say	分詞構文を否定にする場合は、現在分詞（ing）の直前に否定語のnotを置くルールがあるからです。	助動詞（don'tなど）は使いません。ingのすぐ前にnotを置くだけなので、非常にシンプルな形になります。
分詞構文	「仕事を終えたので、彼は家に帰った」と、主節（帰った）より前の動作を表す際に適切な形はどれですか？	Having finished the work	Finishing the work	Finished the work	To have finished the work	メインの動作よりも「前の出来事」を表すには、完了形の分詞構文（having ＋ 過去分詞）を用いるからです。	時制にズレがあることを示すサインとしてhavingを使います。時間の前後関係をはっきりさせる役割です。
分詞構文	「フランスに2回行ったことがあるので、彼はパリに詳しい」の( )に入る適切な語は何ですか？	Having been	Being	Been	To have been	「～したことがある」という完了（経験）の意味を分詞構文で表す際、完了形の形が必要だからです。	理由を表す接続詞Asの文が現在完了形だった場合、書き換えるとこの完了形の分詞構文になります。
分詞構文	「（以前は）太っていたけれど、今はとても美しい」という譲歩（～だけれども）の分詞構文はどれですか？	Having been fat	Being fat	To be fat	Been fat	過去の事実と現在の状態を対比させる際、時制のズレを示す完了形の分詞構文を使うからです。	分詞構文には「～だけれども」という意外な結果を表す意味（譲歩）も含まれることがあります。
分詞構文	「英語で書かれているので、その本は読むのが難しい」の( )に入る適切な語はどれですか？「( ) in English, the book...」	Written	Writing	Being write	To write	本が「書かれている」という受け身の関係なので、受動態の分詞構文（Being ＋ 過去分詞）になるからです。	受動態の分詞構文では、文頭のBeingが省略されて過去分詞から始まるのが一般的です。
分詞構文	「ここから見ると、その塔は美しく見える」とする際、( )に入る適切な形はどれですか？「( ) from here, the tower...」	Seen	Seeing	To see	Saw	塔が「見られる」という受動の関係（受け身）なので、過去分詞を使って表現するからです。	分詞と主節の主語（塔）の関係が「される」であれば過去分詞、「する」であれば現在分詞を選びます。
分詞構文	「日曜日だったので、店は閉まっていた」という主語が異なる分詞構文の正しい形はどれですか？	It being Sunday	Being Sunday	It been Sunday	Sunday being	主節の主語（店）と接続詞節の主語（It）が異なる場合、省略せずにItを残さなければならないからです。	これを独立分詞構文と呼びます。主語が違うのに消してしまうと意味が通じなくなるためです。
分詞構文	「一晩中テレビをつけっぱなしにして、彼は眠ってしまった」の( )に適する語は何ですか？「With the TV ( ) on...」	running	run	to run	ran	テレビが「作動している（流れている）」という能動の状態を現在分詞で表し、付帯状況を作るからです。	「with ＋ 名詞 ＋ 分詞」の形で「～したまま（付帯状況）」という意味を添えることができます。
分詞構文	「辺りに公園があったけれど、見つけることができません」の( )に入るThere is構文の分詞構文は何ですか？	There being	Being there	There been	There was being	もとの文がThere is/areで始まる場合、Thereを主語のように残して分詞のbeingを続けるルールだからです。	接続詞BecauseやAsを消した後、Thereを消さずに残すのがポイントです。
分詞構文	慣用表現「～から判断すると」を意味する分詞構文の正しい形はどれですか？	Judging from	Judging by	Considered from	Speaking from	「〜から判断すると」という意味で、主語に関わらず熟語のように固定化された慣用表現だからです。	Judging from his appearance（外見から判断すると）などのように、文頭でよく使われます。
分詞構文	「厳密に言えば、彼は先生ではない」とする際の、正しい慣用表現はどれですか？	Strictly speaking	General speaking	Strictly spoken	Strictly to speak	「厳密に言えば」という意味を持つ、独立分詞構文から派生した決まった表現だからです。	独立分詞構文の慣用表現は、文全体の主語と一致していなくても使える便利な表現です。
分詞構文	「～と言えば」という話題を導入する際、( )に入る適切な表現はどれですか？「( ) flowers, I like roses.」	Talking of	Telling of	Calling of	Speaking with	特定の話題について「～と言えば」と言い出す時の、決まった分詞構文の表現だからです。	Speaking of ～ も全く同じ意味で使われます。会話の話題を変える際によく使われるフレーズです。
分詞構文	慣用表現「年齢のわりには、彼女は若く見える」の( )に入る適切な語はどれですか？「( ) her age, ...」	Considering	Judging	Speaking	Strictly	「～を考慮すると（～のわりには）」という意味を持つ、分詞から作られた慣用表現だからです。	相手の事情や特定の条件を考慮に入れる際に使われる、前置詞のような働きをする表現です。
分詞構文	「一度も海外へ行ったことがないので、そこへ行ってみたい」という完了形と否定を組み合わせた正しい語順はどれですか？	Never having been abroad	Not been abroad	Never being abroad	Having not been abroad	完了形の分詞構文を否定する場合、neverやnotをhavingの直前に置くというルールがあるからです。	否定語を置く位置は常に「分詞のカタマリの一番先頭」であると覚えておきましょう。
分詞構文	「先生に嘘をつかれたけれど、ケンは彼女を信じました」とする際、( )に適する語は何ですか？	Being told	Telling	To be told	Having told	「嘘をつかれる」という受動の関係を表すため、受動態の分詞構文（Being ＋ 過去分詞）にする必要があるからです。	接続詞Thoughが省略された形です。受け身のBeingは省略してToldから始めても正解となります。
分詞構文	「率直に言って、君は間違っている」とする際、( )に入る表現はどれですか？	Frankly speaking	To be frank	In fact	To tell the truth	「率直に言えば」という意味の分詞の慣用表現で、文全体を修飾する役割をしているからです。	不定詞のTo be frank with youと同じ意味ですが、分詞構文の形でも非常によく使われます。
分詞構文	接続詞の「意味をはっきりさせる」ために、あえて接続詞を消さずに残す分詞構文の形として正しいのはどれですか？	Though living alone	Though live alone	Thinking living alone	As living alone	譲歩（～だけれども）などの意味を強調したい場合、分詞の前に接続詞を置いたままにすることがあるからです。	BeforeやAfter、Whileなども、時間の流れを明確にするために接続詞が残されることがよくあります。
分詞構文	「～をすべて考慮に入れると、彼はよくやった」という慣用表現の正しい語順はどれですか？	All things considered	Considered all things	All things considering	Considering all things	「すべてのことが考慮されると」という独立分詞構文が慣用句となった、決まった表現だからです。	考慮される対象（all things）が「される」側なので、過去分詞のconsideredが使われています。
関係代名詞	「あそこで走っている男性は私の叔父です」の（ ）に入る語はどれですか？「The man ( ) is running there is my uncle.」	who	whom	whose	which	先行詞が「人」で、後ろの節で主語の役割を果たす主格の関係代名詞が必要だからです。	関係代名詞の後ろにすぐ動詞が続く場合は主格を選びます。主格のwhoはthatで書き換えることも可能です。
関係代名詞	「これは英語の文法を説明している本です」の（ ）に入る語はどれですか？「This is a book ( ) explains English grammar.」	which	who	whom	whose	先行詞が「物（本）」で、後ろの節で主語の役割をする主格の関係代名詞だからです。	先行詞が物や動物の場合、主格にはwhichを用います。whoは人にしか使えないため間違いです。
関係代名詞	「私が駅で会った少女はリエです」の（ ）に入る、目的語の役割をする語はどれですか？「The girl ( ) I met at the station is Rie.」	whom	whose	which	what	先行詞が「人」で、met（会った）の目的語（誰に）の役割をする目的格の関係代名詞だからです。	目的格ではwhomが正式ですが、口語ではwhoが使われたり、関係代名詞自体が省略されたりすることも多いです。
関係代名詞	関係代名詞を用いた文で、関係代名詞を省略できるのはどのパターンの時ですか？	目的格として使われている時	主格として使われている時	所有格として使われている時	継続用法（カンマがある時）	関係代名詞が後ろの節の中で目的語の役割をしている「目的格」の場合のみ、省略が可能だからです。	「The book (which) I bought」のように、後ろに「主語＋動詞」が続く形が省略の目安です。
関係代名詞	「私は父親が芸術家の少年を知っています」の（ ）に入る、所有を表す語はどれですか？「I know a boy ( ) father is an artist.」	whose	who	whom	which	先行詞（少年）と後ろの名詞（父親）の間に「少年の父親」という所有の関係があるからです。	所有格のwhoseは先行詞が人でも物でも使えます。thatで書き換えることはできないので注意しましょう。
関係代名詞	「あれは屋根が赤色の家です」とする際、物に使える所有格の関係代名詞はどれですか？「That is a house ( ) roof is red.」	whose	which	that	whom	whoseは先行詞が「物（家）」であっても、その所有物（屋根）を説明する際に用いることができるからです。	以前はof whichが使われましたが、現在は物に対してもwhoseを使うのが一般的で簡潔な表現です。
関係代名詞	「彼が言ったことは本当でした」の文頭に入る、先行詞を含む関係代名詞はどれですか？「( ) he said was true.」	What	That	Which	Who	whatは「～のこと（もの）」という意味で、先行詞（the thing）を自分の中に含んでいるからです。	whatを使う場合、直前に修飾される名詞（先行詞）を置いてはいけません。ここが他の関係代名詞との最大の違いです。
関係代名詞	「君が手に持っているものを見せて」の（ ）に入る語は何ですか？「Show me ( ) you have in your hand.」	what	which	that	whom	「～しているもの」という意味の名詞の塊を作り、showの目的語にする必要があるからです。	what＝the thing whichと置き換えて考えると、先行詞が含まれていることが理解しやすくなります。
関係代名詞	「公園を走っている少年と犬を見ました」の（ ）に入る、先行詞が「人と動物」の時に使う語はどれですか？	that	who	which	whom	先行詞が「人と物（動物）」の両方を含む場合、whoもwhichも使えないため、thatを用いるルールがあるからです。	thatしか使えない特別用法の一つです。他にも先行詞にallやthe onlyが付く場合に好まれます。
関係代名詞	「彼女はピアノが弾ける唯一の少女です」の（ ）に入る、thatが好まれる理由はどれですか？「She is the only girl ( ) can play the piano.」	the onlyという強い限定語があるから	girlが女性だから	ピアノが楽器だから	文が短いから	先行詞にthe only, the best, the firstなどの強い限定語が付く場合、関係代名詞はthatを使うのが一般的だからです。	強い限定語がある時は、whoやwhichよりもthatを使うのが英語の自然な習慣（特別用法）です。
関係代名詞	「私はその女性に話しかけようとしたが、彼女は別の男性と話していた」という補足説明の語順はどれですか？	, who was talking	who was talking	, which was talking	that was talking	カンマを置く「継続用法」にすることで、前の名詞に情報を付け加え、「しかし～」のような訳を添えられるからです。	継続用法（非制限用法）ではthatを使うことはできません。必ずwhoやwhichを用います。
関係代名詞	「本を一冊買いましたが、それは英語で書かれています」という継続用法の（ ）に入る語は何ですか？「I bought a book, ( ) is written in English.」	which	that	what	who	カンマの後ろで前の名詞（本）について説明を続ける際、物であればwhichを用いるからです。	限定用法（カンマなし）は種類を絞り込みますが、継続用法（カンマあり）は単なる情報の追加です。
関係代名詞	「彼は嘘をついたが、そのことが私を怒らせた」という「前の文の内容全体」を指す関係代名詞はどれですか？	, which	, that	, what	, who	継続用法のwhichは、直前の名詞だけでなく、前にある「文の内容の一部や全部」を先行詞にできるからです。	「嘘をついたこと（事柄）」を指しているため、whichが選ばれます。カンマが必要です。
関係代名詞	「あれは彼が住んでいる家です」を前置詞を使って表す際、正しい形はどれですか？	the house in which he lives	the house he lives	the house which he lives	the house where in he lives	関係代名詞whichを前置詞inと組み合わせることで、「その中で」という意味の場所の説明ができるからです。	「He lives in the house.」のinが前に出てきた形です。in whichは関係副詞where一語で書き換え可能です。
関係代名詞	「私が話しかけた男性は俳優です」を前置詞を使って繋ぐ際、正しい形はどれですか？	The man to whom I talked	The man who I talked	The man to which I talked	The man whom to I talked	talk to（～に話しかける）のtoを関係代名詞の前に置き、人を表す目的格whomを続けるのが正しい語順だからです。	前置詞の直後に関係代名詞を置く場合、whoは使えず、必ず目的格の形（whom）にする必要があります。
関係代名詞	「いわゆる」という意味の、関係代名詞whatを用いた慣用表現はどれですか？	what is called	what is more	what is better	what is telling	what is calledで「いわゆる（世間で呼ばれているところの）」という定型表現になるからです。	「what we call」や「what you call」と言い換えることもでき、どれも同じ意味で使われます。
関係代名詞	「さらに良いことには」という意味の慣用表現を選んでください。	what is better	what is more	what is called	what is worse	what is betterで「さらに良いことには」という意味になり、文全体に情報を付け加える副詞的な働きをするからです。	逆に「さらに悪いことには」はwhat is worseとなります。セットで覚えておきましょう。
関係代名詞	「さらに（その上）」という意味で、情報を付け加える時に使う慣用表現は何ですか？	what is more	what is called	what is better	what he is	what is moreで「さらに、その上」という意味になり、前の内容にさらに付け加える際に使われるからです。	BesidesやMoreoverと同じような役割を果たします。文頭に置かれることが多いです。
関係代名詞	「人間と空気の関係は、魚と水の関係と同じだ」という比較の慣用表現の空所は何ですか？「A is to B ( ) C is to D.」	what	that	which	than	「A is to B what C is to D」という形で、2つの関係性が等しいことを表す特別な構文だからです。	難易度が高い構文ですが、形が決まっているので丸ごと覚えてしまうのが得策です。
関係代名詞	目的格の関係代名詞が省略された「これが私が昨日買った時計です」の正しい英文はどれですか？	This is the watch I bought yesterday.	This is the watch bought yesterday.	This is watch I bought yesterday.	This is the watch what I bought yesterday.	watchとIの間にあった関係代名詞（which/that）が、目的格であるため省略されているからです。	名詞の直後に「主語＋動詞」がいきなり続いている場合、関係代名詞の省略を疑うのがコツです。
関係副詞	「あれは私が生まれた村です」の（ ）に入る適切な語はどれですか？「That is the village ( ) I was born.」	where	which	who	why	先行詞が場所（village）で、後ろの文が副詞の役割を必要としているからです。	I was born in the villageのin the village（そこで）という副詞を関係副詞whereに置き換えています。
関係副詞	「私は彼に初めて会った日のことを覚えています」の（ ）に適するのはどれですか？「I remember the day ( ) I met him.」	when	where	which	how	先行詞が時（the day）を表す言葉であり、時を繋ぐ関係副詞が必要だからです。	then（その時）という副詞の役割を兼ねているため、関係代名詞ではなく関係副詞のwhenを使います。
関係副詞	「これが私が遅刻した理由です」と言う際、（ ）に入る語は何ですか？「This is the reason ( ) I was late.」	why	which	where	when	先行詞が理由（the reason）の時に、後ろの節を繋ぐことができるのはwhyだからです。	the reason whyはセットで使われることが多く、どちらか一方が省略されることもよくあります。
関係副詞	英語で「方法」を説明する際、文法的に正しくない組み合わせはどれですか？	the way how	the way	how	the way in which	the wayとhowは同時には使わず、どちらか一方のみを用いるというルールがあるからです。	「方法」を言う時は、the wayかhowのどちらか一方、あるいはthe way that/in whichを使います。
関係副詞	「あれは多くの人が訪れる美術館です」の（ ）に入る語はどれですか？「That is the museum ( ) many people visit.」	which	where	why	when	動詞visitの目的語（何を訪れるか）が欠けているため、名詞の代わりをする関係代名詞が必要だからです。	美術館は場所ですが、後ろの文で「～を訪れる」という目的語が必要な場合は、関係代名詞whichを使います。
関係副詞	「あれは私達がよく行く美術館です」の（ ）に入る語はどれですか？「That is the museum ( ) we often go.」	where	which	whom	how	go（行く）は自動詞で、後ろに「そこに」という副詞の情報を補う関係副詞が必要だからです。	visit（他動詞）ならwhich、go to（自動詞＋前置詞）ならwhereと見分けるのが正解のコツです。
関係副詞	関係副詞whereを「前置詞＋関係代名詞」で書き換える際、適切なものはどれですか？	in which	to whom	for which	of what	場所を表す関係副詞whereは、文脈に応じてin whichやat whichなどの形に書き換えられるからです。	逆に言えば、whereの後ろには前置詞が残らない「完全な文」が続くことになります。
関係副詞	「私は彼女が財布を置いた場所を知りません」を先行詞なしで表した際、正しいのはどれですか？	I don't know where she put her wallet.	I don't know the place which she put her wallet.	I don't know place where she put her wallet.	I don't know that where she put her wallet.	先行詞がthe placeのように一般的な場所の場合、省略して関係副詞だけで名詞の塊を作れるからです。	先行詞を省略すると、where節全体が「～した場所」という名詞の役割を果たすようになります。
関係副詞	「私は彼がパリに滞在していた時のことを覚えています」を関係副詞のみで表すとどうなりますか？	I remember when he stayed in Paris.	I remember then he stayed in Paris.	I remember the time which he stayed in Paris.	I remember while he stayed in Paris.	先行詞the timeは省略が可能で、whenだけで「～した時」という名詞の塊として扱えるからです。	会話では、the time whenと言うよりも、どちらかを省略して短く言うのが一般的です。
関係副詞	「彼は私に、どのようにしてその問題を解いたかを話しました」として適切なのはどれですか？	He told me how he solved the problem.	He told me the way how he solved the problem.	He told me way he solved the problem.	He told me how did he solve the problem.	how単独で「どのように～したか（方法）」という名詞の塊を作り、目的語になれるからです。	how節の中は疑問文の語順（did he solve）ではなく、肯定文の語順（he solved）にします。
関係副詞	「私は大阪に行き、そこで友達に会いました」という補足説明の形として正しいのはどれですか？	I went to Osaka, where I met my friend.	I went to Osaka where I met my friend.	I went to Osaka, which I met my friend.	I went to Osaka, there I met my friend.	カンマを置く継続用法（非制限用法）にすることで、「そしてそこで」という情報を付け加えられるからです。	継続用法の「, where」は「and there」と書き換えて考えると意味が分かりやすくなります。
関係副詞	「彼は先週末キャンプに行きましたが、その時はとても寒かったです」の（ ）に入る語は何ですか？	, when	when	, which	, then	カンマ＋whenを用いることで、前の内容に対して「しかしその時」という逆接のニュアンスを含めることができるからです。	継続用法のwhenは「and then（そしてその時）」や「but then（しかしその時）」の意味になります。
関係副詞	「彼らが結婚する時は、すぐに来るでしょう」とする際、空所に適するのはどれですか？「The time will come soon ( ) they will get married.	when	which	where	how	先行詞（The time）と関係副詞（when）が離れていますが、時を説明する形容詞節が必要だからです。	英語では結論（動詞）を先に言うため、長い修飾語（when節）が文末に回されることがあります。
関係副詞	理由を表す際、whyを省略した正しい文はどれですか？	This is the reason I am here.	This is reason I am here.	This is the reason for I am here.	This is why the reason I am here.	先行詞the reasonがある場合、関係副詞whyは省略してもしなくても意味が変わらないからです。	the reason whyの形に慣れたら、次はどちらかを消した形も使えるようになりましょう。
関係副詞	「これは彼が作った方法です」をthe wayを使って表す際、正しいものはどれですか？	This is the way he made it.	This is the way how he made it.	This is the way what he made it.	This is way he made it.	howは使わずに、the wayの直後に主語＋動詞を続けて「～する方法」という意味にできるからです。	the way (that) ～ という形で、thatが省略されていると考えると構造を理解しやすくなります。
関係副詞	関係副詞whenが省略された「私が学校へ行かなければならない日を忘れた」の正しい英文はどれですか？	I forgot the day I had to go to school.	I forgot the day go to school.	I forgot day when I had to go to school.	I forgot when day I had to go to school.	dayなどの時を表す名詞の直後では、関係副詞whenは非常によく省略されるからです。	名詞の直後にいきなり「主語＋動詞」が来たら、関係詞の省略を疑うのが英語を読むコツです。
関係副詞	「彼女が有名になった方法」を「in which」を使って表す場合の正しい形はどれですか？	the way in which she got famous	how in which she got famous	the way which she got famous in	the way how in which she got famous	howを前置詞＋関係代名詞にする際は、in whichという形を用いるのが文法的に正しいからです。	howを他の語で書き換えるなら「the way」「in which」「the way in which」のいずれかになります。
関係副詞	関係副詞の中で、カンマを付けて「継続用法」として使うことができないものはどれですか？	whyとhow	whereとwhen	whenとwhy	howとwhere	理由のwhyと方法のhowには、情報を補足的に付け加える継続用法の使い道がないからです。	継続用法ができるのは、場所のwhereと時のwhenの２つだけであると覚えておきましょう。
関係副詞	「あなたが友達が働いているお店を訪れた」と言う際、不自然な英文はどれですか？	I visited the store at where my friend works.	I visited the store where my friend works.	I visited the store at which my friend works.	I visited the store my friend works at.	関係副詞whereの直前に前置詞（at）を置くことはできないルールだからです。	前置詞を前に出したいなら「at which」とし、whereを使うなら前置詞は消さなければなりません。
関係副詞	関係副詞whereの後ろに来る文の構造として、正しい説明はどれですか？	主語や目的語が揃った「完全な文」が来る	目的語が欠けた「不完全な文」が来る	必ず動詞から始まる文が来る	主語が省略された文が来る	whereは副詞の代わりなので、後ろの文自体からは名詞（主語や目的語）が消えていないからです。	後ろの文だけを見て、何も欠けていなければ関係副詞、名詞が欠けていれば関係代名詞と判断します。
複合関係詞	「最初に来た人は誰でも、それをあげましょう」の（ ）に入る語はどれですか？「( ) comes first, I will give it.」	Whoever	Whatever	Whichever	Whenever	「〜する人は誰でも」という人を指す主語の役割をする必要があるからです。	whoにeverを付けると「〜する人は誰でも」という意味になり、文の中で主語や目的語になります。
複合関係詞	「欲しいものは何でも手に入れることができます」の（ ）に入る適切な語はどれですか？「You can get ( ) you want.」	whatever	whichever	whoever	however	範囲の制限なく「〜のものは何でも」という物・事を指す目的語が必要だからです。	whatにeverが付くと、具体的な選択肢がない広い範囲での「何でも」を表すことができます。
複合関係詞	目の前の２つのペンを指して「どちらでも好きなほうを取っていいですよ」と言う際の適切な語はどれですか？	whichever	whatever	whenever	wherever	選択肢が限定されている中で「〜のものはどちらでも」という意味を表すからです。	whateverは「何でも」と範囲が広いですが、whicheverは限られた中から選ぶニュアンスになります。
複合関係詞	「質問がある時はいつでも私に尋ねてください」の（ ）に入る語は何ですか？「Please ask me ( ) you have a question.」	whenever	wherever	however	whatever	「〜する時はいつでも」という時を表す副詞節を作る必要があるからです。	wheneverは「at any time when」と言い換えることができ、動作のタイミングを説明します。
複合関係詞	「座りたいところならどこでも座っていいですよ」と言う際、（ ）に入るのはどれですか？「You may sit ( ) you like.」	wherever	whenever	however	whichever	「〜するところはどこでも」という場所を表す副詞節を作る語だからです。	whereverは「at any place where」と言い換えることができ、場所の自由度を表します。
複合関係詞	「どんなに一生懸命挑戦しても、それはできません」の（ ）に入る語は何ですか？「( ) hard I try, I can't do it.」	However	Whatever	Whenever	Wherever	「どんなに〜しても」という程度を表し、後ろに形容詞や副詞を伴う形だからです。	howeverは「no matter how」と同じ意味になり、後ろの形容詞（hardなど）を修飾します。
複合関係詞	「誰がそう言ったとしても、それは本当ではありません」という譲歩の意味を表す語順はどれですか？	Whoever says so	Whichever says so	Whatever says so	However says so	「誰が〜しても（譲歩）」という意味で、主語として文を導く必要があるからです。	譲歩の意味のwhoeverは「no matter who」と言い換えても同じ意味になります。
複合関係詞	「あなたが何をあげたとしても、彼女は喜ぶでしょう」という譲歩（たとえ〜でも）の意味になるのはどれですか？	Whatever	Whichever	Whenever	However	「何が（を）〜しても」という特に制限のない譲歩の意味を表すからです。	whateverが作る節が「たとえ〜だとしても」というおまけの文（副詞節）になる場合です。
複合関係詞	「どちらが勝ったとしても、彼は満足するでしょう」の（ ）に適するのはどれですか？「( ) wins, he will be satisfied.」	Whichever	Whatever	Whoever	Wherever	選択肢がある中で「どちらが〜しても」という譲歩の意味を表す必要があるからです。	制限された中での「どちらか」を指す場合は、whatよりもwhichの系統が好まれます。
複合関係詞	「いつ家に帰ってきても、夕食は用意されていますよ」と言う際、（ ）に入る語は何ですか？	whenever	wherever	however	whoever	「いつ〜したとしても」という時の譲歩を表し、主節の内容を補足するからです。	wheneverの譲歩の意味は「no matter when」と言い換えることができます。
複合関係詞	「彼がどこへ行こうとも、私は彼と一緒に行きません」と言う際、（ ）に適するのはどれですか？	wherever	whenever	however	whichever	「どこへ〜しても」という場所の譲歩を表す副詞節を作る必要があるからです。	動作の行き先がどこであっても結論は変わらない、というニュアンスを添えます。
複合関係詞	「どんなに彼が狂っていても、私は彼が好きです」の（ ）に入る適切な語は何ですか？「( ) crazy he is, I like him.」	However	Whatever	Whoever	Whichever	程度を表す形容詞（crazy）を伴い、「たとえどんなに〜でも」という意味を作るからです。	howeverは単独ではなく、必ず直後に形容詞や副詞を置いてセットで使います。
複合関係詞	「あなたが招待する人は誰でも歓迎されます」と言う際、目的格のwhomeverの代わりに使えるのはどれですか？	whoever	whatever	whichever	however	口語では目的格のwhomeverの代わりに、主格と同じwhoeverがよく用いられるからです。	文法的にはwhomeverが正しい位置でも、実際の会話ではwhoeverが一般的です。
複合関係詞	無制限に「欲しいものは何でも（whatever）」に対し、制限のある中での「何でも」を表す語はどれですか？	whichever	wherever	whenever	however	目の前にある物や決まった範囲の中から「どれでも」と選ぶニュアンスになるからです。	「どれでも好きなほう」という選択肢が意識される時はwhicheverを使います。
複合関係詞	whenever を譲歩（いつ〜しても）の意味で言い換える際、正しい組み合わせはどれですか？	no matter when	no matter where	no matter how	no matter what	複合関係詞の譲歩の意味は、すべて「no matter + 疑問詞」の形に書き換えられるからです。	形は変わりますが意味は全く同じです。書き言葉ではno matter ～ もよく使われます。
複合関係詞	wherever を「〜するところはどこでも」という意味で言い換える際、正しいのはどれですか？	at any place where	at any time when	in any way how	anything that	「〜な場所はどこでも」という場所を特定する名詞的な意味になるからです。	譲歩の「どこへ〜しても」とは異なり、場所そのものを指す言い換えになります。
複合関係詞	「どんなに忙しくても、私はあなたを手伝います」の（ ）に入る適切な形はどれですか？「( ) busy I am, I'll help you.」	However	Whatever	Whenever	Wherever	形容詞busyを修飾して「どんなに〜の状態でも」という譲歩の意味を作るからです。	howeverの後ろの語順は「形容詞 ＋ 主語 ＋ 動詞」のセットになるのがルールです。
複合関係詞	「そう言う人は誰であっても、私は信じません」と言う際の（ ）に入る語は何ですか？「I don't believe ( ) says so.」	whoever	whomever	whatever	whichever	意味上の主語「〜する人は誰でも」であり、後ろに動詞saysが続く主格の役割だからです。	誰が言ったのか、という「人」に焦点を当てた広い範囲の肯定を表します。
複合関係詞	「それが何であっても、彼は決してあきらめません」の（ ）に入る語は何ですか？「He never gives up ( ) it is.」	whatever	however	whenever	wherever	「たとえそれが何であっても」という物事の譲歩を表す副詞節が必要だからです。	whatever it isという形は、日常会話でも「何が何でも」という文脈でよく使われます。
複合関係詞	複合関係詞「〜ever」が導く節（文）の種類として、正しい組み合わせはどれですか？	名詞節と副詞節	名詞節と形容詞節	形容詞節と副詞節	主節と従属節	文中で主語や目的語になる「名詞節」と、譲歩を表す「副詞節」の２つの役割があるからです。	節の役割によって「〜は誰でも」か「たとえ誰が〜しても」か訳し方が変わります。
仮定法	「もし私がお金持ちなら、それを買えるのになあ」と言う際の（ ）に入る形はどれですか？「If I ( ) rich, I could buy it.」	were	am	was	be	現在の事実とは異なる願望や仮定を表す「仮定法過去」では、be動詞は主語に関わらずwereを使うのが一般的だからです。	現代の口語ではwasが使われることもありますが、テストや正式な場ではwereが正解とされます。
仮定法	「もし時間があれば、君を助けに行けるのだが」の（ ）に適するのはどれですか？「If I had time, I ( ) go to help you.」	would	will	shall	am	現在の事実の反対を仮定する際、後半の文（帰結節）には助動詞の過去形（would/could/might）を用いるからです。	willなどの現在形を使うと、単なる未来の予測（もし時間があれば行くよ）という現実味のある話になります。
仮定法	「もし昨日雨が降っていたら、私は家にいたでしょう」と過去を仮定する形はどれですか？「If it ( ) yesterday, I would have stayed home.」	had rained	rained	has rained	was raining	過去の事実とは反対のことを仮定する「仮定法過去完了」では、if節の中をhad + 過去分詞にするからです。	昨日のこと（過去の事実）の反対を言うので、時制を一つ古くして過去完了形を用います。
仮定法	「もし彼がそのニュースを聞いていたら、驚いたことだろう」の（ ）に入る語は何ですか？「If he had heard the news, he would ( ) been surprised.」	have	had	has	be	仮定法過去完了の後半の文は「助動詞の過去形 + have + 過去分詞」という形にする決まりだからです。	「would have 過去分詞」のセットで「（あの時）～しただろうに」という過去の推量を表します。
仮定法	「私が鳥だったらなあ（現実は鳥ではない）」という現在の願望を表す形はどれですか？「I wish I ( ) a bird.」	were	am	was	can be	I wishの後ろに仮定法過去（were/過去形）を続けることで、現在の実現不可能な願望を表せるからです。	「～であればいいのに」という今の気持ちを、あえて過去形にすることで「現実ではない」距離感を出します。
仮定法	「（あの時）もっと勉強しておけばよかったなあ」という過去の不満を表す形はどれですか？「I wish I ( ) harder.」	had studied	studied	study	have studied	過去にできなかったことへの後悔を表現する際は、I wishの後ろに仮定法過去完了を用いるからです。	すでに終わった過去のことを「～だったらよかったのに」と嘆く時は「had + 過去分詞」を使います。
仮定法	「彼はまるで何でも知っているかのように話す」とする際、（ ）に入る形はどれですか？「He talks as if he ( ) everything.」	knew	knows	had known	has known	「まるで～であるかのように」と、現在の事実に反する様子を表現するにはas ifの後に過去形を置くからです。	実際には知らないのに知っているふりをしている、というニュアンスを過去形knewで表します。
仮定法	「あなたの助けがなければ、私は失敗するだろう」という仮定の慣用句はどれですか？「( ) your help, I would fail.」	Without	Unless	With	Except	WithoutやBut forは「もし～がなければ」というIf it were not forと同じ仮定の意味を表せるからです。	文の後半にwouldなどの過去形がある場合、Withoutは「～がなければ」という仮定法として機能します。
仮定法	「もし水がなければ、私達は生きられないだろう」をifから始めて書き換える際の正しい形はどれですか？	If it were not for water	If there is no water	If water was not	If it had not been for water	「現在の」事実に基づき「もし～がなければ」と仮定する定番のフレーズがIf it were not for ～ だからです。	暗記必須の重要構文です。were not を短縮せずこの形で覚えるのが一般的です。
仮定法	「万一、明日雨が降れば、試合は中止になります」と可能性の低い未来を仮定する語は何ですか？「If it ( ) rain tomorrow, the game will be cancelled.」	should	would	will	might	「万一～ならば」という、未来に起こる可能性が低いことを仮定する場合はshouldを用いるルールがあるからです。	後半の文にはwill（現在形）もwould（過去形）も両方使うことができます。
仮定法	「太陽が西から昇るようなことがあっても、私は決心を変えません」という強い仮定の形はどれですか？「If the sun ( ) rise in the west...」	were to	is to	was to	should	「もし仮に～だとしたら」と、実現の可能性がほぼゼロのことを仮定する際にはwere toを用いるからです。	実際にはありえないような極端な例え話をする時によく使われる表現です。
仮定法	「もし私があなたなら、そこへ行くだろう」のIfを省略した正しい語順はどれですか？	Were I you	Am I you	I were you	Was I you	仮定法のIfを省略すると、主語とbe動詞（were）が入れ替わる「倒置」という現象が起きるからです。	「If I were you」のIfを消すと「Were I you」となり、少し改まった響きの文になります。
仮定法	「もし（あの時）真実を知っていたら、怒らなかっただろう」のIfを省略した形はどれですか？	Had I known	Have I known	I had known	I known	仮定法過去完了のIfを省略する場合、助動詞のhadを主語の前に出して倒置させるルールがあるからです。	「If I had known」からIfを消すと「Had I known」という形になります。
仮定法	「もう寝る時間ですよ」と促す際、動詞はどの形にしますか？「It is time you ( ) to bed.」	went	go	have gone	are going	It is timeの後ろに仮定法過去（過去形）を用いることで、「とっくに～しているはずの時間だ」というニュアンスになるからです。	現実にはまだ寝ていないので、仮定法を使って「（仮に寝ているなら）もう寝ている時間だ」と表現します。
仮定法	「（今の状況に対し）もっとお金があればいいのになあ！」と強調する表現はどれですか？	If only I were rich!	If only I am rich!	If I only was rich!	Only if I were rich!	If only...! はI wish...よりも強い願望や感嘆を表し、後ろには仮定法を伴うという決まりがあるからです。	文末に感嘆符（！）が付くことが多く、話し手の強い感情がこもった表現になります。
仮定法	「もっとお金があれば、それを買えるのに」をIfを使わずに表現する際、適切なのはどれですか？	With more money	For more money	About more money	At more money	「With + 名詞」の形で、「もし～があれば」という仮定の意味を代用することができるからです。	前置詞だけでIf節と同じ役割を果たすことができ、非常に簡潔な表現として好まれます。
仮定法	「彼女が話すのを聞けば、彼女を男だと思うだろう」という、不定詞を使った仮定の形はどれですか？	To hear her speak	To hearing her speak	By hearing her speak	Heard her speak	不定詞（To do...）が文頭にある場合、「もし～すれば」という仮定法過去の条件を表すことがあるからです。	後半にwould take...などの形があるため、このTo hearは仮定の意味であると判断できます。
仮定法	「あなたの立場なら、私は真実を言うだろう」という、副詞句が仮定の意味になる表現はどれですか？	In your position	At your position	By your position	To your position	場所や状況を表す副詞句が、「もしその状況だったら」というIf節の代わりをすることがあるからです。	「If I were in your position」を短くした形だと考えると分かりやすいです。
仮定法	「もしあの時薬を飲んでいたら、今ごろ元気だろうに」という、過去と現在が混ざった正しい形はどれですか？	If I had taken ..., I would be ...	If I took ..., I would be ...	If I had taken ..., I would have been ...	If I take ..., I am ...	過去の仮定（had taken）が現在の結果（would be）に影響している場合、前半と後半で時制を使い分けるからです。	過去完了（過去の仮定）と過去形（今の推量）のミックスは、試験でも非常に出題されやすいポイントです。
仮定法	「もし（あの時）助けがなかったら、彼は死んでいただろう」をIt had not been...を使って表す際、正しいのはどれですか？	If it had not been for ...	If it was not for ...	If it had not for ...	If it being not for ...	過去の時点について「もし～がなかったら」と仮定する決まったフレーズがIf it had not been for ～ だからです。	仮定法過去の「If it were not for」の過去完了版です。had not been 過去分詞の形をしっかり覚えましょう。
比較	「武は健と同じくらい背が高い。」とする際、（ ）に入る正しい組み合わせはどれですか？「Takeshi is ( ) tall ( ) Ken.」	as / as	so / as	as / than	so / than	英語で「同じくらい〜」という同格を表すには、形容詞をasとasではさむルールだからです。	1つ目のasは「同じくらい」という程度を表し、2つ目のasは「〜と比べて」という比較対象を導きます。
比較	「このペンはあのペンほど新しくない。」という否定の同格表現で、適切な形はどれですか？	not as new as	not new as as	as not new as	not new than	「〜ほど…ではない」と否定する場合は、notをas 〜 asの前に置く決まりだからです。	否定文では、1つ目のasをsoに変えて「not so 〜 as …」と表現することもあります。
比較	「彼は私より速く走る。」と言う際、副詞を比較級にした正しい形はどれですか？「He runs ( ) than I.」	faster	more fast	fastier	fastest	綴りが短い副詞（fastなど）は、語尾にerを付けることで比較級を作るからです。	比較級の後ろには、比較の対象を表すthan（〜よりも）を置くのが基本のセットです。
比較	「この本はあの本より重要です。」と言う際、綴りの長い形容詞はどう変化させますか？	more important	importanter	most important	important er	importantのような長い語を比較級にする場合は、語の前にmoreを置くルールがあるからです。	長い単語にerを付けると発音が難しくなるため、moreを使って長さを調整しています。
比較	「この本はあの本より『はるかに』難しい。」と、比較の差を強調するのに適切な語はどれですか？	much	very	more	so	比較級（more difficultなど）を強調して「ずっと、はるかに」と言いたい時はmuchやfarを使うからです。	veryは「とても」という意味ですが、比較級を修飾することはできないので注意しましょう。
比較	「彼は私より上手に英語を話すことができる。」の空所に適するのはどれですか？「He can speak English ( ) than I.」	better	gooder	weller	best	well（上手に）の比較級は、語尾にerを付けるのではなく、betterに不規則変化するからです。	good（よい）の比較級も同じくbetterになります。不規則に変わる語は丸ごと覚えましょう。
比較	「高ければ高いほど、空気は冷たくなる。」という、比例して変化する様子を表す構文はどれですか？	The higher ..., the colder ...	High ..., cold ...	More higher ..., more colder ...	As higher ..., so colder ...	「The 比較級 〜 , the 比較級 …」で「〜すればするほど、ますます…」という慣用表現になるからです。	文頭にTheが付く特殊な比較の形で、前後の文の変化が連動していることを表します。
比較	「私は猫より犬が好きです。」と、preferを用いて表す際の正しい形はどれですか？	I prefer dogs to cats.	I prefer dogs than cats.	I prefer dogs more cats.	I prefer dogs as cats.	prefer（〜をより好む）を使う場合は、thanではなく前置詞のtoを使って比較対象を表すからです。	ラテン語由来の比較表現と呼ばれ、superior to（〜より優れている）なども同じ仲間です。
比較	「彼は父親と同じくらい『たくさんのお金』を持っている。」と言う際の正しい形は何ですか？	as much money as	as many money as	as money much as	as many money than	money（お金）は数えられない名詞なので、manyではなくmuchを用いて量を表すからです。	数えられる名詞（本など）ならmanyを使い、数えられない名詞ならmuchを使う使い分けが大切です。
比較	「彼はとても親切な少年です。」を、mostを使って「非常に」と強調する表現はどれですか？	a most kind boy	the most kind boy	most kind a boy	the kindest boy	「a most + 形容詞 + 単数名詞」の形で、veryと同じく「とても、非常に」という意味になるからです。	theを付けると「一番〜」という最上級になりますが、aを付けると単なる強い強調になります。
比較	「夏は四季の中で一番暑い。」とする際、（ ）に入る前置詞はどれですか？「Summer is the hottest ( ) the four seasons.」	of	in	at	by	最上級の文で、比較する対象が「複数（数や特定の物）」の場合はofを用いるルールだからです。	一方で、「クラスで」や「日本で」のように、場所や範囲を表す場合はinを使います。
比較	「ケンは私のクラスで一番背が高い。」とする際、（ ）に入る前置詞は何ですか？「Ken is the tallest ( ) my class.」	in	of	at	with	比較する範囲が「場所や団体（単数扱い）」を表す場合は、inを用いるのが一般的だからです。	inとofの使い分けは、後ろに「場所・範囲」がくるか「数・メンバー」がくるかで見分けます。
比較	「あなたは2人のうち、どちらが背が高いと思いますか？」とする際の正しい形はどれですか？	the taller of the two	the tallest of the two	taller than the two	the tallest in the two	比較する対象が「2つ（2人）」であれば、文の形が最上級に似ていても比較級を用いるからです。	3つ以上ならthe tallestですが、2つなら「どちらか一方がより〜」なのでthe tallerとなります。
比較	「私は一人でいる時が一番幸せだ。」と言う際、theが付かない正しい形はどれですか？	I am happiest when I am alone.	I am the happiest when I am alone.	I am most happy when I am alone.	I am happyest when I am alone.	同一の人や物の中で、性質や状態を比較する場合は、最上級であってもtheを付けないからです。	「他の誰かと比べて」ではなく「自分の中の状況」を比べているため、theが不要になります。
比較	「彼女はできるだけゆっくり話しました。」という慣用表現の( )に入る語は何ですか？「She spoke as slowly as ( ).」	possible	possibly	possibility	can	「as 〜 as possible」で「できるだけ〜」という決まった表現になるからです。	「as 〜 as one can」と書き換えることもでき、主語に合わせてcanやcouldを使い分けます。
比較	「富士山は日本の他のどの山よりも高い。」と言う際、anyを用いた正しい形はどれですか？	higher than any other mountain	the highest than any other mountain	more higher than any other mountain	highest any other mountain	「比較級 + than any other + 単数名詞」の形で、最上級と同じ意味を表せるからです。	any otherの後ろは必ず「単数形（mountain）」にすること。これがテストでよく狙われるポイントです。
比較	「日本には、富士山ほど高い山はない。」と言う際の正しい文頭はどれですか？	No other mountain in Japan is as high as	No mountain in Japan is high than	Any other mountain in Japan isn't as high as	Not mountain in Japan is as high as	「No other + 名詞 〜 as ... as」で「…ほど〜な名詞はない」という、否定語を用いた最上級表現だからです。	文頭に否定をもってくることで、結果として「富士山が一番高い」ことを強調しています。
比較	「彼は、歌手というよりむしろ俳優です。」という同格の否定を用いた慣用句はどれですか？	not so much a singer as an actress	not more a singer than an actress	not a singer so as an actress	as a singer not as an actress	「not so much A as B」で「AというよりむしろB」という、2つの性質を比べる決まった言い方だからです。	同格のas asが使われていますが、意味は「A＜B」という比較に近いニュアンスになります。
比較	「ついに、彼女はその試験に合格しました。」という最上級を用いた熟語は何ですか？	At last	In last	For last	At the last	「At last」で「ついに、ようやく」という意味の副詞的な慣用表現になるからです。	長い努力の末に、やっとのことで達成したというニュアンスで使われる表現です。
比較	「彼は私よりも速く走る。」の文末に代名詞を置く際、最も正式な形（主格）はどれですか？「He runs faster than ( ).」	I	me	my	mine	比べているのが主語（He）であるため、thanの後ろも主格（I）を置くのが文法的に正しいからです。	実際には「faster than I can run」の略です。口語ではmeを使うことも多いですが、基本はIです。
文の種類	「公園には子供がほとんどいませんでした」とする際、( )に入る適切な語はどれですか？「There were ( ) children in the park.」	few	a few	little	a little	数えられる名詞（children）に対し、「ほとんどない」という否定的な意味を表すからです。	a fewだと「少しいる」という肯定的な意味になります。冠詞のaがないfewは「ほとんどない」という準否定語です。
文の種類	「彼は先週、ほとんどビールを買いませんでした」とする際、( )に入る適切な語はどれですか？「He bought ( ) beer last week.」	little	a little	few	a few	数えられない名詞（beer）に対し、「ほとんどない」という量を表す準否定語だからです。	液体やお金など数えられない名詞にはlittleを使います。fewは数えられる名詞に使うのでここでは不適切です。
文の種類	「ポールは日本語をほとんど話せません」とする際、程度の否定を表す( )に適するのはどれですか？「Paul can ( ) speak Japanese.」	hardly	rarely	seldom	never	「ほとんど〜ない」という能力や程度の否定を表すには、hardlyやscarcelyを用いるからです。	rarelyやseldomは「めったに〜しない」という頻度を表す言葉なので、この文脈ではhardlyが最適です。
文の種類	「彼はめったに仕事に遅刻しません」とする際、( )に入る適切な頻度の準否定語はどれですか？「He is ( ) late for work.」	rarely	hardly	scarcely	almost	「めったに〜ない」という回数・頻度の少なさを表すには、rarelyやseldomを用いるルールだからです。	hardlyは「程度（ほとんど〜ない）」を表すのに対し、rarelyは「頻度（めったに〜ない）」を表すという違いがあります。
文の種類	「これはなんて美しい鳥なんだろう！」という感嘆文を作る際、( )に入る語は何ですか？「( ) a beautiful bird this is!」	What	How	So	Such	「What + a + 形容詞 + 名詞」の語順で、名詞を強調する感嘆文を作る決まりだからです。	最後に名詞（bird）がくる場合はWhat、形容詞だけで終わる場合はHowを使うと見分けるのがコツです。
文の種類	「その少女はなんて美しいのだろう！」という感嘆文を作る際、( )に入る語は何ですか？「( ) beautiful the girl is!」	How	What	So	Very	「How + 形容詞 + 主語 + 動詞」の語順で、形容詞の状態を強調する感嘆文を作るからです。	驚きの対象が形容詞（beautiful）に直接かかっているため、Howを用います。veryをHowに変えるイメージです。
文の種類	「あなたは忙しいですよね？」と念を押す付加疑問文の( )に入る形はどれですか？「You are busy, ( )?」	aren't you	are you	don't you	do you	前の文が肯定文の場合、文末には「be動詞の否定＋主語」を付けて確認をとるルールだからです。	「〜ですよね？」と相手に同意を求める表現です。前の文と肯定・否定を逆にするのがポイントです。
文の種類	「あなたは忙しくないですよね？」という否定文に続く付加疑問はどれですか？「You aren't busy, ( )?」	are you	aren't you	do you	don't you	前の文が否定文の場合、文末には「be動詞の肯定＋主語」を置いて相手に確認するからです。	否定文の後は肯定の疑問形（are you）になります。これも肯定文の時とは逆に設定します。
文の種類	「お腹が空いていないのですか？」と聞かれ、「いいえ、空いています」と答える際の正しい形はどれですか？「Aren't you hungry?」	Yes, I am.	No, I am.	Yes, I am not.	No, I am not.	英語では質問の形に関わらず、自分の状態が肯定ならYes、否定ならNoで答える決まりだからです。	日本語の「はい/いいえ」とは逆になるため、日本人が最も間違えやすいポイントです。空いていれば常にYesです。
文の種類	「窓を閉めてくれませんか？」と命令文に付加疑問を付けて依頼する形はどれですか？「Close the window, ( )?」	will you	do you	shall we	aren't you	命令文の後にwill youを付けると、「〜してくれますか？」という柔らかい依頼の表現になるからです。	命令文の付加疑問は、相手の意志を問うwill youを用いるのが一般的です。
文の種類	「買い物に行きましょうよ」と誘う文に付け加える付加疑問は何ですか？「Let's go shopping, ( )?」	shall we	will you	do we	don't we	Let'sで始まる勧誘の文では、文末にshall weを付けて「〜しませんか？」と誘うルールだからです。	Shall we...? 単体で誘うのと同じニュアンスを、文末に添えることで表現できます。
文の種類	「私はそれについて全て知っているわけではありません」という部分否定の文として正しいのはどれですか？	I don't know everything about it.	I don't know anything about it.	I know nothing about it.	I not know everything about it.	notとevery（all）を組み合わせることで、「すべてが〜という訳ではない」という部分的な否定になるからです。	anythingを使うと「何も知らない」という完全否定になります。everythingにnotが付くと「一部は知っている」という意味です。
文の種類	「金持ちがいつも幸せだとは限らない」という部分否定の( )に入る適切な語は何ですか？「The rich are not ( ) happy.」	always	never	really	completely	not alwaysの形で「いつも〜とは限らない」という、常にそうである訳ではないことを表すからです。	100%ではないことを示すのが部分否定です。notとalwaysのセットで覚えましょう。
文の種類	「私はそれについて全く知りません」という完全否定の正しい英文はどれですか？	I don't know anything about it.	I don't know everything about it.	I not know anything about it.	I don't know something about it.	「not ... any」の形で「一つも（全く）〜ない」という完全な否定を表すからです。	部分否定（not everything）と混同しないように注意が必要です。一欠片も知らない状態を指します。
文の種類	「その箱を開けてはいけません」という否定の命令文を作る際、文頭に置くのはどれですか？	Don't	Not	Do not be	No	命令文を否定にする時は、動詞がbe動詞であっても一般動詞であっても、文頭にDon'tを置くルールだからです。	「〜するな」と禁止する表現です。動詞は必ず原形を使います。
文の種類	「絶対に騒がしくしてはいけません」と禁止を強く強調する際にDon'tの代わりに使える語は何ですか？	Never	No	Not	Ever	Neverを文頭に置くことで、「決して（一度も、絶対に）〜するな」という強い禁止の命令になるからです。	Don'tよりも強い警告や規則を述べる際によく使われます。
文の種類	「正直になりなさい」という命令文として正しい形はどれですか？	Be honest.	Is honest.	Are honest.	Do honest.	形容詞（honest）を命令文にする際は、be動詞の原形であるBeを文頭に置く決まりだからです。	命令文は常に動詞の原形から始まります。主語のYouが省略されていると考えましょう。
文の種類	「彼はケンとユリのどちらも知っているわけではない（片方は知らない）」という部分否定はどれですか？	He doesn't know both Ken and Yuri.	He doesn't know either Ken or Yuri.	He knows neither Ken nor Yuri.	He doesn't know both Ken or Yuri.	not ... bothの形で「両方とも〜という訳ではない」という、二者のうち片方を否定する意味になるからです。	eitherを使うと「どちらも知らない」という完全否定になってしまうので、使い分けが重要です。
文の種類	「必ずしも本当だとは限らない」という部分否定の表現はどれですか？「It is not ( ) true.	necessarily	really	always	completely	not necessarilyで「必ずしも〜という訳ではない」という、例外があることを示す決まった言い方だからです。	真理や推測に対して、「100%そう言い切れる訳ではない」という控えめな否定を添えます。
文の種類	「彼はサッカーをすることができますよね？」という助動詞canを含む付加疑問文はどれですか？	He can play soccer, can't he?	He can play soccer, can he?	He can play soccer, doesn't he?	He can play soccer, won't he?	文中に助動詞（can）がある場合、付加疑問にも同じ助動詞の否定形（can't）を用いるルールだからです。	be動詞ならbe動詞、助動詞なら助動詞をそのまま活用して文末に付けます。
前置詞 1	「私は駅で彼を待っています」と言う際、( )に入る適切な語はどれですか？「I am waiting for him ( ) the station.」	at	in	on	to	駅を地図上の一点として捉えているからです。	atは特定の地点（ポイント）を指すイメージで使います。街のような広い範囲ならinを使います。
前置詞 1	「壁に時計がかかっています」とする際、( )に入る語は何ですか？「There is a clock ( ) the wall.」	on	in	at	by	壁という平面に「接触」している状態を表すからです。	onは「～の上に」だけでなく、壁や天井など、どこかにペタッとくっついている時に使います。
前置詞 1	「私は英語で手紙を書きました」と言う際、手段を表す( )に適するのはどれですか？「I wrote a letter ( ) English.」	in	with	by	at	言語やインクなどの「材料・枠組み」の中に情報を込めるイメージだからです。	道具（ペンなど）ならwithを使いますが、言語という表現媒体を使う場合はinを用いるのが決まりです。
前置詞 1	「私は日曜日にテニスをします」と言う際、特定の日に使う前置詞はどれですか？「I play tennis ( ) Sunday.」	on	at	in	for	曜日や日付など、特定の「日」を指す場合はonを使うルールがあるからです。	月（in July）や時刻（at 5:00）と混同しやすいですが、カレンダー上の「日」にはonを使います。
前置詞 1	「この冬は雪がたくさん降るでしょう」と言う際、季節を表す( )に適するのはどれですか？「It will snow a lot ( ) winter.」	in	at	on	for	季節や月、年などの比較的長い期間の「中」を指す場合はinを用いるからです。	inは容器の中に包まれているイメージです。季節という大きな時間の枠組みを表すのに最適です。
前置詞 1	「私は10時に寝ます」とする際、特定の時刻を指す( )に入る語は何ですか？「I go to bed ( ) ten.」	at	on	in	with	時計の針が指す「瞬間的な一点」を表す場合にはatを用いる決まりだからです。	時間の広がりがないピンポイントな時刻には、常にatを使うと覚えておきましょう。
前置詞 1	「明日までにこの仕事を終えてください」と言う際、期限を表す( )はどれですか？「Finish this work ( ) tomorrow.」	by	until	for	to	「～までに（完了）」という期限を示す場合は、前置詞のbyを用いるからです。	untilは「～までずっと（継続）」を意味します。一回きりの期限ならbyを使うのが正解です。
前置詞 1	「私は3時間勉強しました」と言う際、期間を表す( )に入る語は何ですか？「I studied ( ) three hours.」	for	during	in	at	「数字を伴う時間の長さ（期間）」を表す場合は、forを用いるルールがあるからです。	duringは「夏休みの間」のように特定の期間を指す名詞と共に使いますが、数詞があるならforです。
前置詞 1	「この机は木で作られています」と言う際、( )に入る適切な語はどれですか？「This desk is made ( ) wood.」	of	from	in	with	見た目で材料（木）がそのまま分かると判断される場合はofを使うからです。	材料の質が変わらないならof、ワイン（原料はブドウ）のように性質が変化するならfromを使います。
前置詞 1	「バターは牛乳から作られます」と言う際、( )に入る適切な語は何ですか？「Butter is made ( ) milk.」	from	of	in	by	原料（牛乳）が加工されて別の性質のものに変化している場合はfromを使うからです。	製品を見て元の形が想像しにくい「原料」を表す際は、起点（～から）を意味するfromが適しています。
前置詞 1	「彼は私の部屋に入ってきました」とする際、( )に入る適切な形はどれですか？「He came ( ) my room.」	into	in	to	at	外から内側への「移動と変化」を強調して表す語だからです。	in（中にいる状態）とto（向かう方向）が合体したのがintoです。中への入り込みを表します。
前置詞 1	「氷は水に変わります」と言う際、( )に入る変化の結果を表す語は何ですか？「Ice changes ( ) water.」	into	to	for	as	別の性質や形にすっかり入れ替わるという「変化のプロセス」を表すからです。	A into Bという形で、「Aが変化してBの中に入り込む」というイメージで捉えると分かりやすいです。
前置詞 1	「彼はペンで名前を書きました」と言う際、( )に入る道具を表す語はどれですか？「He wrote his name ( ) a pen.」	with	by	in	at	手に持つ「道具」を使って動作を行う場合はwithを用いるルールがあるからです。	自分の体の一部や道具を「使って」という時には、同伴のイメージのwithが使われます。
前置詞 1	「私は家族と一緒に住んでいます」とする際、( )に入る同伴の語は何ですか？「I live ( ) my family.」	with	for	by	to	誰かと「共にいる（同伴）」という関係を表すのに最適な前置詞だからです。	一緒にいることだけでなく、何かを所有している（目が輝いている等）という付随した状態も表せます。
前置詞 1	「彼はキャプテンとして選ばれました」とする際、( )に入る役割を表す語は何ですか？「He was chosen ( ) captain.」	as	like	for	with	「～として（資格・役割）」という意味を表すことができるのはasだけだからです。	役職や資格、性質を表す名詞の前に置き、その立場であることを説明する際に非常に便利です。
前置詞 1	「私はサッカーが得意です」と言う際、( )に入る適切な語は何ですか？「I am good ( ) playing soccer.」	at	in	for	to	能力やスキルの「特定の分野」をピンポイントで指す場合にatを用いるからです。	be good atは熟語として有名ですが、一点に集中しているというatのイメージから来ています。
前置詞 1	「私はバスで学校へ行きます」と言う際、( )に入る交通手段を表す語はどれですか？「I go to school ( ) bus.」	by	in	with	on	手段や方法を表すbyを使い、冠詞（a/the）を付けないのが一般的なルールだからです。	交通手段のbyの後ろにはaやsを付けません。徒歩の場合はon footという例外も覚えましょう。
前置詞 1	「彼は明日東京へ向けて出発します」の( )に入る、目的地を指す語は何ですか？「He leaves ( ) Tokyo tomorrow.」	for	to	at	in	目標となる方向に意識が向いている「～を目指して」という意味を表すからです。	leave Tokyoだと「東京を去る」ですが、forがあると「東京に向かう」という逆の意味になります。
前置詞 1	「その家の屋根は赤色です」と言う際、( )に入る所有・部分を表す語はどれですか？「The roof ( ) the house is red.」	of	in	at	on	全体（家）の中の一部（屋根）を説明し、「～の」という関係を作るからです。	A of Bで「Bの中のA」というイメージです。所属や一部であることを示す際によく使われます。
前置詞 1	「私はそのニュースを聞いて驚きました」とする際、( )に入る原因の語はどれですか？「I was surprised ( ) the news.」	at	with	by	to	驚きの原因となるものに心がパッと反応した「一点」を指しているからです。	感情が引き起こされた対象に焦点を当てる際、感情を表す形容詞とatがセットでよく使われます。
前置詞 2	「東京と大阪の間を列車が走っています」とする際、2つの地点の間を指す語はどれですか？	between	among	through	over	2つの人や物、場所の間を指す場合にはbetweenを用いるルールがあるからです。	3つ以上の場合はamongを使いますが、2つの間をはっきりと指す時はbetweenが正解です。
前置詞 2	「彼は橋の向こう側に立っています」と言う際、（ ）に適するのはどれですか？「He is standing ( ) the bridge.」	beyond	behind	under	through	ある境界線を越えた「向こう側」という場所を表すからです。	視界の先にある壁や川などの向こう側に位置している状態をbeyondで表現します。
前置詞 2	「机の下に雑誌を置きました」とする際、真下の位置を指す適切な語は何ですか？	under	below	behind	beyond	対象物のすぐ真下にあるという垂直方向の位置関係を表すからです。	机に接していなくても、その空間の真下を指す時にはunderが最も一般的です。
前置詞 2	「橋の下流にはたくさんの人がいました」と言う際、（ ）に入る語はどれですか？「There were many people ( ) the bridge.」	below	under	beyond	between	ある基準点（橋）よりも低い位置にあることを表すからです。	垂直の真下ならunder、基準より低い位置や流れの下の方ならbelowと使い分けます。
前置詞 2	「暗くなった後で、私は町に到着しました」と言う際、時の前後関係を表す語はどれですか？	after	behind	from	beyond	ある出来事や時間の「〜の後で」という順序を表すからです。	接続詞としても使われますが、名詞の前に置いて「〜の後」と時を示すことができます。
前置詞 2	「私は今から、トロントからニューヨークへ行きます」と言う際、出発点を表す語は何ですか？	from	into	around	over	動作の始まりの地点（起点）を表すのに最適な前置詞だからです。	どこから始まったかという「出発点」を示す際には常にfromを意識しましょう。
前置詞 2	「私は午前10時頃にここへ来ると思います」と言う際、およその時間を表すのはどれですか？	around	behind	through	between	特定の時間の「周辺（〜ごろ）」という曖昧な時を指すからです。	ぴったりならatを使いますが、前後を含めた周辺の時間にはaroundを用います。
前置詞 2	「ドアの後ろにほうきがあります」とする際、背後の位置を指す語は何ですか？	behind	beyond	against	under	物に隠れるような位置である「〜の背後に」という意味を表すからです。	表側から見て裏側の位置関係を指す際に非常に便利な前置詞です。
前置詞 2	「私は中央改札を通り抜けました」と言う際、（ ）に入る貫通を表す語は何ですか？	through	over	across	along	トンネルや門のような空間を「通り抜けて」という移動を表すからです。	立体的な空間や、入り口から出口までを通り抜けるイメージにはthroughを使います。
前置詞 2	「コーヒーを飲みながら友達を待ちました」と言う際、従事を表す適切な語は何ですか？	over	through	about	around	「〜をしながら」と、ある動作を楽しみながら時間を過ごす様子を表すからです。	over a cup of coffee（コーヒーを飲みながら）は、会話でよく使われる定番フレーズです。
前置詞 2	「私は傘を壁に立てかけた」と言う際、接触・対抗を表す（ ）に入る語は何ですか？	against	behind	under	beyond	壁に向かって圧力がかかる形で接触している状態を表現するからです。	寄りかかったり、何かに反対したりする「対抗・抵抗」のイメージにはagainstを使います。
前置詞 2	「彼はその事件について何か知っているかもしれません」とする際、内容を指す語はどれですか？	about	around	over	from	ある特定のテーマや話題に関連する「〜について」という意味を表すからです。	周辺情報を広く含めた「〜に関する内容」を説明する際に最もよく使われます。
前置詞 2	「私は物理か生物か選ばなければならない」と言う際、選択肢の間を指す語は何ですか？	between	among	about	against	提示された2つの選択肢のうち、どちらかを選ぶという関係を表すからです。	「choose between A and B」の形で、区別や選択の対象をはっきり示します。
前置詞 2	「その内容は私の理解を超えています」とする際、限度を表す（ ）に入る語は何ですか？	beyond	over	above	after	自分の能力や範囲の限界を「越えて」という抽象的な意味を表すからです。	理解できない、想像できないといった「限度を超越した」状態をbeyondで表せます。
前置詞 2	「私の車は修理中です」とする際、動作の過程を表す（ ）に入る語は何ですか？	under	below	through	after	「〜の過程にある（〜中である）」という進行中の状態を表すからです。	under repair（修理中）やunder treatment（治療中）など、定型的な表現でよく使われます。
前置詞 2	「私は友達を追いかけました」と言う際、追跡を表す熟語を作る語は何ですか？	after	over	through	against	run afterの形で、誰かの「後を追う」という動作を完成させるからです。	面倒をみる（look after）なども、後をついていくイメージから派生した重要な表現です。
前置詞 2	「彼女は日本中を旅行しました」と言う際、あちこちを回る様子を表す語はどれですか？	around	about	over	through	範囲内のいろいろな場所を「あちこち巡る」というイメージを表すからです。	around Japanで「日本のあちこち」となり、全土を回ったようなニュアンスになります。
前置詞 2	「彼女は彼の意見を支持しています」とする際、背後から支えるイメージの語は何ですか？	behind	beyond	against	between	「〜の後押しをしている」という比喩的な意味で、支持を表現できるからです。	be behind someone's opinionで、誰かの考えをバックアップしていることを表せます。
前置詞 2	「彼は予定より遅れています」と言う際、定刻に遅れていることを表す語は何ですか？	behind	under	after	through	決まった時刻やスケジュールの「後ろ」にいるという遅延を表すからです。	running behind time（時間に遅れている）というフレーズで丸ごと覚えましょう。
前置詞 2	「私はその試験に合格したい」とする際、完了や通過を意味する熟語を作る語は何ですか？	through	over	across	along	get throughの形で、障害や困難な場所を「通り抜ける（合格する）」という意味になるからです。	試験や困難をパスするという意味では、throughの持つ「貫通」のイメージが使われます。